Application,ProcessID,SwapChainAddress,PresentRuntime,SyncInterval,PresentFlags,AllowsTearing,PresentMode,TimeInQPC,MsBetweenSimulationStart,MsBetweenPresents,MsBetweenDisplayChange,MsInPresentAPI,MsRenderPresentLatency,MsUntilDisplayed,CPUStartQPC,MsBetweenAppStart,MsCPUBusy,MsCPUWait,MsGPULatency,MsGPUTime,MsGPUBusy,MsGPUWait,MsAnimationError,AnimationTime,MsFlipDelay,MsAllInputToPhotonLatency,MsClickToPhotonLatency
gpui-dart-comparison.exe,40144,0x1F52AA54300,DXGI,0,0,0,Composed: Flip,3259685821118,NA,3263.08770000000004,NA,0.29630000000000,5.43100000000000,NA,3259653194049,3263.0032,3262.7069,0.2963,3264.9981,3.1398,3.1398,0.0000,NA,NA,NA,NA,NA
gpui-dart-comparison.exe,40144,0x1F52AA54300,DXGI,0,0,0,Composed: Flip,3259693168505,NA,734.73869999999999,NA,1.16890000000000,4.36040000000000,NA,3259685824081,735.6113,734.4424,1.1689,735.6997,3.1031,3.1031,0.0000,NA,NA,NA,NA,NA
gpui-dart-comparison.exe,40144,0x1F52AA54300,DXGI,0,0,0,Composed: Flip,3259694997504,NA,182.89990000000000,NA,0.30750000000000,4.40170000000000,NA,3259693180194,182.0385,181.7310,0.3075,183.0395,3.0932,3.0932,0.0000,NA,NA,NA,NA,NA
gpui-dart-comparison.exe,40144,0x1F52AA54300,DXGI,0,0,0,Composed: Flip,3259696997375,NA,199.98710000000000,NA,0.30650000000000,5.60470000000000,NA,3259695000579,199.9861,199.6796,0.3065,202.1359,3.1484,3.1484,0.0000,NA,NA,NA,NA,NA
gpui-dart-comparison.exe,40144,0x1F52AA54300,DXGI,0,0,0,Composed: Flip,3259699000475,NA,200.31000000000000,NA,0.53310000000000,4.66490000000000,NA,3259697000440,200.5366,200.0035,0.5331,201.5191,3.1493,3.1493,0.0000,NA,NA,NA,NA,NA
gpui-dart-comparison.exe,40144,0x1F52AA54300,DXGI,0,0,0,Composed: Flip,3259701000189,NA,199.97140000000002,NA,0.22030000000000,5.04230000000000,NA,3259699005806,199.6586,199.4383,0.2203,201.3078,3.1728,3.1728,0.0000,NA,NA,NA,NA,NA
gpui-dart-comparison.exe,40144,0x1F52AA54300,DXGI,0,0,0,Composed: Flip,3259703000539,NA,200.03500000000000,NA,0.90050000000000,4.69080000000000,NA,3259701002392,200.7152,199.8147,0.9005,201.4877,3.0178,3.0178,0.0000,NA,NA,NA,NA,NA
gpui-dart-comparison.exe,40144,0x1F52AA54300,DXGI,0,0,0,Composed: Flip,3259705017544,NA,201.70050000000001,NA,0.48840000000000,4.70580000000000,NA,3259703009544,201.2884,200.8000,0.4884,202.2943,3.2115,3.2115,0.0000,NA,NA,NA,NA,NA
gpui-dart-comparison.exe,40144,0x1F52AA54300,DXGI,0,0,0,Composed: Flip,3259707010395,NA,199.28510000000000,NA,0.39320000000000,4.08290000000000,NA,3259705022428,199.1899,198.7967,0.3932,199.8148,3.0648,3.0648,0.0000,NA,NA,NA,NA,NA
gpui-dart-comparison.exe,40144,0x1F52AA54300,DXGI,0,0,0,Composed: Flip,3259709010311,NA,199.99160000000001,NA,0.19820000000000,5.05130000000000,NA,3259707014327,199.7966,199.5984,0.1982,201.5740,3.0757,3.0757,0.0000,NA,NA,NA,NA,NA
gpui-dart-comparison.exe,40144,0x1F52AA54300,DXGI,0,0,0,Composed: Flip,3259711004387,NA,199.40760000000000,NA,0.26430000000000,5.30380000000000,NA,3259709012293,199.4737,199.2094,0.2643,201.3910,3.1222,3.1222,0.0000,NA,NA,NA,NA,NA
gpui-dart-comparison.exe,40144,0x1F52AA54300,DXGI,0,0,0,Composed: Flip,3259713018666,NA,201.42790000000002,NA,0.38730000000000,3.82740000000000,NA,3259711007030,201.5509,201.1636,0.3873,201.9285,3.0625,3.0625,0.0000,NA,NA,NA,NA,NA
gpui-dart-comparison.exe,40144,0x1F52AA54300,DXGI,0,0,0,Composed: Flip,3259715007516,NA,198.88500000000002,NA,0.23340000000000,5.27050000000000,NA,3259713022539,198.7311,198.4977,0.2334,200.6860,3.0822,3.0822,0.0000,NA,NA,NA,NA,NA
gpui-dart-comparison.exe,40144,0x1F52AA54300,DXGI,0,0,0,Composed: Flip,3259717013153,NA,200.56370000000001,NA,0.14780000000000,5.13510000000000,NA,3259715009850,200.4781,200.3303,0.1478,202.3797,3.0857,3.0857,0.0000,NA,NA,NA,NA,NA
gpui-dart-comparison.exe,40144,0x1F52AA54300,DXGI,0,0,0,Composed: Flip,3259719011347,NA,199.81940000000000,NA,0.19890000000000,4.80000000000000,NA,3259717014631,199.8705,199.6716,0.1989,201.4075,3.0641,3.0641,0.0000,NA,NA,NA,NA,NA
gpui-dart-comparison.exe,40144,0x1F52AA54300,DXGI,0,0,0,Composed: Flip,3259721180608,NA,216.92610000000002,NA,0.37450000000000,3.72240000000000,NA,3259719013336,217.1017,216.7272,0.3745,217.3616,3.0880,3.0880,0.0000,NA,NA,NA,NA,NA
gpui-dart-comparison.exe,40144,0x1F52AA54300,DXGI,0,0,0,Composed: Flip,3259723015372,NA,183.47640000000001,NA,0.21010000000000,4.82140000000000,NA,3259721184353,183.3120,183.1019,0.2101,184.8600,3.0633,3.0633,0.0000,NA,NA,NA,NA,NA
gpui-dart-comparison.exe,40144,0x1F52AA54300,DXGI,0,0,0,Composed: Flip,3259725014106,NA,199.87340000000000,NA,0.23500000000000,5.70020000000000,NA,3259723017473,199.8983,199.6633,0.2350,202.3043,3.0592,3.0592,0.0000,NA,NA,NA,NA,NA
gpui-dart-comparison.exe,40144,0x1F52AA54300,DXGI,0,0,0,Composed: Flip,3259727214043,NA,219.99370000000002,NA,0.38070000000000,3.55740000000000,NA,3259725016456,220.1394,219.7587,0.3807,220.2563,3.0598,3.0598,0.0000,NA,NA,NA,NA,NA
gpui-dart-comparison.exe,40144,0x1F52AA54300,DXGI,0,0,0,Composed: Flip,3259729018196,NA,180.41530000000000,NA,0.22940000000000,3.22460000000000,NA,3259727217850,180.2640,180.0346,0.2294,180.1630,3.0962,3.0962,0.0000,NA,NA,NA,NA,NA
gpui-dart-comparison.exe,40144,0x1F52AA54300,DXGI,0,0,0,Composed: Flip,3259731023355,NA,200.51590000000002,NA,0.19560000000000,4.91990000000000,NA,3259729020490,200.4821,200.2865,0.1956,202.1584,3.0480,3.0480,0.0000,NA,NA,NA,NA,NA
gpui-dart-comparison.exe,40144,0x1F52AA54300,DXGI,0,0,0,Composed: Flip,3259733026675,NA,200.33200000000002,NA,0.32100000000000,5.09010000000000,NA,3259731025311,200.4574,200.1364,0.3210,202.1604,3.0661,3.0661,0.0000,NA,NA,NA,NA,NA
gpui-dart-comparison.exe,40144,0x1F52AA54300,DXGI,0,0,0,Composed: Flip,3259735022567,NA,199.58920000000001,NA,0.26030000000000,3.44130000000000,NA,3259733029885,199.5285,199.2682,0.2603,199.6770,3.0325,3.0325,0.0000,NA,NA,NA,NA,NA
gpui-dart-comparison.exe,40144,0x1F52AA54300,DXGI,0,0,0,Composed: Flip,3259737194823,NA,217.22560000000001,NA,0.24490000000000,4.85580000000000,NA,3259735025170,217.2102,216.9653,0.2449,218.6467,3.1744,3.1744,0.0000,NA,NA,NA,NA,NA
gpui-dart-comparison.exe,40144,0x1F52AA54300,DXGI,0,0,0,Composed: Flip,3259739029991,NA,183.51680000000002,NA,0.26930000000000,4.65960000000000,NA,3259737197272,183.5412,183.2719,0.2693,184.8788,3.0527,3.0527,0.0000,NA,NA,NA,NA,NA
gpui-dart-comparison.exe,40144,0x1F52AA54300,DXGI,0,0,0,Composed: Flip,3259741023445,NA,199.34540000000001,NA,0.17750000000000,6.11580000000000,NA,3259739032684,199.2536,199.0761,0.1775,199.0144,6.1775,3.4027,2.7748,NA,NA,NA,NA,NA
gpui-dart-comparison.exe,40144,0x1F52AA54300,DXGI,0,0,0,Composed: Flip,3259743025895,NA,200.24500000000000,NA,0.19440000000000,4.65200000000000,NA,3259741025220,200.2619,200.0675,0.1944,201.6083,3.1112,3.1112,0.0000,NA,NA,NA,NA,NA
gpui-dart-comparison.exe,40144,0x1F52AA54300,DXGI,0,0,0,Composed: Flip,3259745026816,NA,200.09210000000002,NA,0.20680000000000,5.21480000000000,NA,3259743027839,200.1045,199.8977,0.2068,201.9900,3.1225,3.1225,0.0000,NA,NA,NA,NA,NA
gpui-dart-comparison.exe,40144,0x1F52AA54300,DXGI,0,0,0,Composed: Flip,3259747026692,NA,199.98760000000001,NA,0.22620000000000,4.87420000000000,NA,3259745028884,200.0070,199.7808,0.2262,201.5147,3.1403,3.1403,0.0000,NA,NA,NA,NA,NA
gpui-dart-comparison.exe,40144,0x1F52AA54300,DXGI,0,0,0,Composed: Flip,3259749032194,NA,200.55020000000002,NA,0.20200000000000,4.74620000000000,NA,3259747028954,200.5260,200.3240,0.2020,202.0290,3.0412,3.0412,0.0000,NA,NA,NA,NA,NA
gpui-dart-comparison.exe,40144,0x1F52AA54300,DXGI,0,0,0,Composed: Flip,3259751046340,NA,201.41460000000001,NA,0.82550000000000,5.61130000000000,NA,3259749034214,202.0381,201.2126,0.8255,202.7460,4.0779,4.0779,0.0000,NA,NA,NA,NA,NA
gpui-dart-comparison.exe,40144,0x1F52AA54300,DXGI,0,0,0,Composed: Flip,3259753198161,NA,215.18210000000002,NA,0.21230000000000,5.04590000000000,NA,3259751054595,214.5689,214.3566,0.2123,216.2943,3.1082,3.1082,0.0000,NA,NA,NA,NA,NA
gpui-dart-comparison.exe,40144,0x1F52AA54300,DXGI,0,0,0,Composed: Flip,3259755037439,NA,183.92780000000002,NA,0.26960000000000,5.77640000000000,NA,3259753200284,183.9851,183.7155,0.2696,185.4748,4.0171,4.0171,0.0000,NA,NA,NA,NA,NA
gpui-dart-comparison.exe,40144,0x1F52AA54300,DXGI,0,0,0,Composed: Flip,3259757037790,NA,200.03510000000000,NA,0.27440000000000,4.58540000000000,NA,3259755040135,200.0399,199.7655,0.2744,201.2697,3.0812,3.0812,0.0000,NA,NA,NA,NA,NA
gpui-dart-comparison.exe,40144,0x1F52AA54300,DXGI,0,0,0,Composed: Flip,3259759047891,NA,201.01010000000002,NA,0.29700000000000,3.72820000000000,NA,3259757040534,201.0327,200.7357,0.2970,201.4127,3.0512,3.0512,0.0000,NA,NA,NA,NA,NA
gpui-dart-comparison.exe,40144,0x1F52AA54300,DXGI,0,0,0,Composed: Flip,3259761043412,NA,199.55210000000000,NA,0.29290000000000,5.20450000000000,NA,3259759050861,199.5480,199.2551,0.2929,200.4379,4.0217,4.0217,0.0000,NA,NA,NA,NA,NA
gpui-dart-comparison.exe,40144,0x1F52AA54300,DXGI,0,0,0,Composed: Flip,3259763039998,NA,199.65860000000001,NA,0.26100000000000,4.73780000000000,NA,3259761046341,199.6267,199.3657,0.2610,201.0179,3.0856,3.0856,0.0000,NA,NA,NA,NA,NA
gpui-dart-comparison.exe,40144,0x1F52AA54300,DXGI,0,0,0,Composed: Flip,3259765044951,NA,200.49530000000001,NA,0.22650000000000,4.82050000000000,NA,3259763042608,200.4608,200.2343,0.2265,201.9651,3.0897,3.0897,0.0000,NA,NA,NA,NA,NA
gpui-dart-comparison.exe,40144,0x1F52AA54300,DXGI,0,0,0,Composed: Flip,3259767048462,NA,200.35110000000000,NA,0.26030000000000,4.99240000000000,NA,3259765047216,200.3849,200.1246,0.2603,201.9530,3.1640,3.1640,0.0000,NA,NA,NA,NA,NA
gpui-dart-comparison.exe,40144,0x1F52AA54300,DXGI,0,0,0,Composed: Flip,3259769044645,NA,199.61830000000000,NA,0.22490000000000,5.36790000000000,NA,3259767051065,199.5829,199.3580,0.2249,201.5778,3.1481,3.1481,0.0000,NA,NA,NA,NA,NA
gpui-dart-comparison.exe,40144,0x1F52AA54300,DXGI,0,0,0,Composed: Flip,3259771044989,NA,200.03440000000001,NA,0.23710000000000,5.46690000000000,NA,3259769046894,200.0466,199.8095,0.2371,202.1580,3.1184,3.1184,0.0000,NA,NA,NA,NA,NA
gpui-dart-comparison.exe,40144,0x1F52AA54300,DXGI,0,0,0,Composed: Flip,3259773047819,NA,200.28300000000002,NA,0.21490000000000,5.53770000000000,NA,3259771047360,200.2608,200.0459,0.2149,202.4514,3.1322,3.1322,0.0000,NA,NA,NA,NA,NA
gpui-dart-comparison.exe,40144,0x1F52AA54300,DXGI,0,0,0,Composed: Flip,3259775049676,NA,200.18570000000000,NA,0.19500000000000,5.19520000000000,NA,3259773049968,200.1658,199.9708,0.1950,202.0614,3.1046,3.1046,0.0000,NA,NA,NA,NA,NA
gpui-dart-comparison.exe,40144,0x1F52AA54300,DXGI,0,0,0,Composed: Flip,3259777070294,NA,202.06180000000001,NA,0.39830000000000,6.22920000000000,NA,3259775051626,202.2651,201.8668,0.3983,205.0082,3.0878,3.0878,0.0000,NA,NA,NA,NA,NA
gpui-dart-comparison.exe,40144,0x1F52AA54300,DXGI,0,0,0,Composed: Flip,3259779213156,NA,214.28620000000001,NA,0.25230000000000,5.84770000000000,NA,3259777074277,214.1402,213.8879,0.2523,216.6536,3.0820,3.0820,0.0000,NA,NA,NA,NA,NA
gpui-dart-comparison.exe,40144,0x1F52AA54300,DXGI,0,0,0,Composed: Flip,3259781054971,NA,184.18150000000000,NA,0.24870000000000,4.09880000000000,NA,3259779215679,184.1779,183.9292,0.2487,184.9287,3.0993,3.0993,0.0000,NA,NA,NA,NA,NA
gpui-dart-comparison.exe,40144,0x1F52AA54300,DXGI,0,0,0,Composed: Flip,3259783063023,NA,200.80520000000001,NA,0.31080000000000,3.86010000000000,NA,3259781057458,200.8673,200.5565,0.3108,201.3353,3.0813,3.0813,0.0000,NA,NA,NA,NA,NA
gpui-dart-comparison.exe,40144,0x1F52AA54300,DXGI,0,0,0,Composed: Flip,3259785056829,NA,199.38060000000002,NA,0.18740000000000,5.20320000000000,NA,3259783066131,199.2572,199.0698,0.1874,201.1628,3.1102,3.1102,0.0000,NA,NA,NA,NA,NA
gpui-dart-comparison.exe,40144,0x1F52AA54300,DXGI,0,0,0,Composed: Flip,3259787059943,NA,200.31140000000002,NA,0.24670000000000,4.81850000000000,NA,3259785058703,200.3707,200.1240,0.2467,201.8642,3.0783,3.0783,0.0000,NA,NA,NA,NA,NA
gpui-dart-comparison.exe,40144,0x1F52AA54300,DXGI,0,0,0,Composed: Flip,3259789058681,NA,199.87380000000002,NA,0.19540000000000,5.23240000000000,NA,3259787062410,199.8225,199.6271,0.1954,201.8418,3.0177,3.0177,0.0000,NA,NA,NA,NA,NA
gpui-dart-comparison.exe,40144,0x1F52AA54300,DXGI,0,0,0,Composed: Flip,3259791222120,NA,216.34390000000002,NA,0.21010000000000,6.03820000000000,NA,3259789060635,216.3586,216.1485,0.2101,219.1037,3.0830,3.0830,0.0000,NA,NA,NA,NA,NA
gpui-dart-comparison.exe,40144,0x1F52AA54300,DXGI,0,0,0,Composed: Flip,3259800572710,NA,935.05900000000008,NA,0.26350000000000,4.20460000000000,NA,3259791224221,935.1124,934.8489,0.2635,935.9946,3.0589,3.0589,0.0000,NA,NA,NA,NA,NA
gpui-dart-comparison.exe,40144,0x1F52AA54300,DXGI,0,0,0,Composed: Flip,3259800744443,NA,17.17330000000000,NA,0.18250000000000,4.80580000000000,NA,3259800575345,17.0923,16.9098,0.1825,18.6051,3.1105,3.1105,0.0000,NA,NA,NA,NA,NA
