ts	phase	decision	why	evidence	result
2026-09-29T22:46:52Z	frame	Inventoried 38 platform script and helper files	Preserve their responsibilities while consolidating implementation languages	git ls-files *.ps1 *.cs *.swift *.py *.sh	open
2026-09-29T22:46:52Z	design	Retain Dart tooling and use Rust for OS API helpers	Existing Dart commands already define the developer workflow	tool/src/commands.dart; tool/package.dart; docs/tooling-migration.md	open
2026-09-29T23:01:20.0796301Z	cli	Compiled CLI exposed incorrect Windows executable lookup	Flutter installs a Unix dart script beside dart.bat	tool/src/toolchain.dart	fixing
2026-09-29T23:04:51.5268434Z	cli	Compiled CLI doctor and exec Dart passed after lookup fix	Verify the distributed executable discovers the actual Dart runtime	bin/gpuidart.dart; tool/src/toolchain.dart	VERIFIED on Windows
2026-09-29T23:04:51.5452923Z	archives	Eight archive and toolchain tests pass	Exercise Unicode binary round trips and reject archive traversal before writing	test/tooling_test.dart	VERIFIED on Windows
2026-09-29T23:14:56.7334411Z	package	Real Windows ZIP passed extracted standalone verification	Preserve AOT self-test sibling DLL Common Controls and DPI checks	.cache/migration/package-verification.json	VERIFIED at 120 DPI
2026-09-29T23:14:56.7492592Z	review	Requested OS-only native query and corrected MVP verifier arguments	Package launch must not depend on firmware/network checks and verifier accepts positional paths	tool/windows/verify.dart; tool/verify_mvp.dart	fixing
2026-09-29T23:31:52.4208966Z	review	Reserved bundled executable names and located licenses through the actual Dart SDK	Prevent payload overwrite and support Dart wrappers or symlinks	test/tooling_test.dart; tool/src/windows_package.dart; tool/package.dart	review fixes verified
2026-09-29T23:31:52.4391098Z	release	Split OS and setup queries from strict Sandbox identity inspection	Ordinary verification and check-only setup must work without SMBIOS identity	tool/windows/native/src/platform.rs; tool/windows/enable_release_checks.dart	review fixes verified
2026-09-29T23:31:52.4401048Z	release	Scoped source_dirty to source paths plus the application entry	MVP acceptance writes reports before packaging; reports must not make source dirty	tool/src/package_manifest.dart	independent review passed
2026-09-29T23:31:52.4411049Z	benchmarks	Compared replacement analyzers against recorded inputs and the old scripts	Preserve output values and failure gates while replacing the implementation language	reports/tooling/benchmark_migration.json	121 directories and 39 traces matched; two float round trips within 1e-12
2026-09-29T23:31:52.4421084Z	benchmarks	Ran real background clicks and foreground click and scroll workloads	Prove the native driver injects inputs accepted by the actual Dart fixture	.cache/migration/benchmark-runs	10 background clicks; 10 foreground clicks; 120 wheel events; passed
2026-09-29T23:31:52.4436142Z	integration	Ran the full repository check on the integrated tree	Verify the new helpers and compiled CLI alongside existing runtime contracts	.cache/migration/integrated-check.log	111 native; 3 experiment; 140 Dart; 9 benchmark tests; passed
2026-09-29T23:31:52.4446217Z	accessibility	Retained concurrent timeout then reran controls serially	UIA window discovery timed out while unrelated live-window tests were running	.cache/migration/accessibility-controls.json; .cache/migration/accessibility-controls-serial.json	serial run passed all 9 steps with newly built runtime
2026-09-29T23:31:52.4456230Z	accessibility	Checked disabled states and Linux client equivalence	Exercise actions and query schemas through real OS APIs	.cache/migration/accessibility-disabled.json; reports/tooling/accessibility	Windows passed; Linux GTK and private-bus protocol passed; GPUI cache delivery unverified
2026-09-29T23:31:52.4466227Z	development	Ran launcher reload and startup-failure cleanup through the Rust Windows helper	Preserve real process supervision behavior after replacing PowerShell	.cache/migration/launcher.json; .cache/migration/development-check/result.json	passed; development failure driver exit 0
2026-09-29T23:31:52.4491474Z	package	Ran package failure cases with actual archives and compiled verifiers	Reject tampering missing self-test results and stale success; retain Unicode output	.cache/migration/package-failures.json	passed
2026-09-29T23:31:52.4501449Z	review	Completed independent GPT-6 Astra source and evidence review	Check migration seams and audit claims with a different model family	docs/tooling-migration.md; reports/tooling-migration.tsv	no remaining code blockers; macOS runtime and Linux GPUI cache delivery remain unverified
