"path"	"language"	"bytes"	"action"	"reason"
"benchmarks/dart/main.dart"	"Dart"	"9911"	"excluded"	"Comparison workload; linguist-detectable=false"
"benchmarks/flutter/lib/main.dart"	"Dart"	"20670"	"excluded"	"Comparison workload; linguist-detectable=false"
"benchmarks/flutter/windows/CMakeLists.txt"	"CMake"	"4182"	"excluded"	"Comparison workload; linguist-detectable=false"
"benchmarks/flutter/windows/flutter/CMakeLists.txt"	"CMake"	"3742"	"excluded"	"Comparison workload; linguist-detectable=false"
"benchmarks/flutter/windows/flutter/generated_plugin_registrant.cc"	"C++"	"164"	"excluded"	"Comparison workload; linguist-detectable=false"
"benchmarks/flutter/windows/flutter/generated_plugin_registrant.h"	"C"	"302"	"excluded"	"Comparison workload; linguist-detectable=false"
"benchmarks/flutter/windows/flutter/generated_plugins.cmake"	"CMake"	"743"	"excluded"	"Comparison workload; linguist-detectable=false"
"benchmarks/flutter/windows/runner/CMakeLists.txt"	"CMake"	"1796"	"excluded"	"Comparison workload; linguist-detectable=false"
"benchmarks/flutter/windows/runner/flutter_window.cpp"	"C++"	"2122"	"excluded"	"Comparison workload; linguist-detectable=false"
"benchmarks/flutter/windows/runner/flutter_window.h"	"C++"	"928"	"excluded"	"Comparison workload; linguist-detectable=false"
"benchmarks/flutter/windows/runner/main.cpp"	"C++"	"1277"	"excluded"	"Comparison workload; linguist-detectable=false"
"benchmarks/flutter/windows/runner/resource.h"	"C"	"432"	"excluded"	"Comparison workload; linguist-detectable=false"
"benchmarks/flutter/windows/runner/utils.cpp"	"C++"	"2168"	"excluded"	"Comparison workload; linguist-detectable=false"
"benchmarks/flutter/windows/runner/utils.h"	"C++"	"672"	"excluded"	"Comparison workload; linguist-detectable=false"
"benchmarks/flutter/windows/runner/win32_window.cpp"	"C++"	"8534"	"excluded"	"Comparison workload; linguist-detectable=false"
"benchmarks/flutter/windows/runner/win32_window.h"	"C++"	"3522"	"excluded"	"Comparison workload; linguist-detectable=false"
"benchmarks/native/src/input_trace.rs"	"Rust"	"2836"	"excluded"	"Comparison workload; linguist-detectable=false"
"benchmarks/native/src/main.rs"	"Rust"	"8028"	"excluded"	"Comparison workload; linguist-detectable=false"
"benchmarks/shell/main.js"	"JavaScript"	"2496"	"excluded"	"Comparison workload; linguist-detectable=false"
"benchmarks/solid/app.tsx"	"TypeScript"	"3881"	"excluded"	"Comparison workload; linguist-detectable=false"
"benchmarks/solid/build.ts"	"TypeScript"	"503"	"excluded"	"Comparison workload; linguist-detectable=false"
"benchmarks/solid/main.ts"	"TypeScript"	"178"	"excluded"	"Comparison workload; linguist-detectable=false"
"reports/ime/linux-japanese-20260926/drivers/guest-env.sh.txt"	"Shell"	"313"	"excluded"	"Historical evidence; linguist-documentation"
"reports/ime/linux-japanese-20260926/drivers/run_jit.sh.txt"	"Shell"	"281"	"excluded"	"Historical evidence; linguist-documentation"
"reports/ime/linux-japanese-20260926/drivers/start-vm.sh.txt"	"Shell"	"497"	"excluded"	"Historical evidence; linguist-documentation"
"reports/ime/linux-japanese-20260926/drivers/verify-clean.sh.txt"	"Shell"	"1173"	"excluded"	"Historical evidence; linguist-documentation"
"reports/ime/linux-japanese-20260926/drivers/verify-clean-v2.sh.txt"	"Shell"	"1212"	"excluded"	"Historical evidence; linguist-documentation"
"test/fixtures/companion_client.dart"	"Dart"	"632"	"included"	"Project-owned test implementation; linguist-vendored=false"
"test/fixtures/fault_host.rs"	"Rust"	"6325"	"included"	"Project-owned test implementation; linguist-vendored=false"
