path	bytes	git_blob	sha256
.gitattributes	293	90ead115f3733e08ad410d950649b0f846ef97bf	bf2507dbc2531fcc0668c693b4e3bb6dc6ef20e5d3e8db939716d8dad17a9017
benchmarks/dart/main.dart	9911	4f54c0f4112edd16aa5755a3fc838f368eecccbb	db7dd72be0f77c7b16e74c1a7bd5e404139313b435830e312da5ad6dab5109e7
benchmarks/flutter/.gitignore	746	79f7ecabd5c79ed432e463c2304a605523961083	441eaa1de5b3db9fae056e7503567e9f8dd94173e1389c60f76956abf729015a
benchmarks/flutter/.metadata	968	037af3ceab77d363218917963d710db48ad0af38	1788b0180f2cefaa13a6d146e806920a4cbfdfec0103157e7d7f80e1764e7a88
benchmarks/flutter/analysis_options.yaml	198	af9bc6584becb22e026a406d4df1173d340cd549	dab211cbf8734decb2ef2a9139efd0fdab7a7904e6ad0f23f8cf6e31684ef39e
benchmarks/flutter/lib/main.dart	20670	26ddd4bc8704056f952b9496ea27474f1ee45276	d52946915035c2785443ea158af5da36b8136c4bf5749c4b1e9a2ce3eafaee05
benchmarks/flutter/pubspec.lock	1490	d5b6bfe99cedf20c81d873111795fa903ebe37a2	d99b35c4840653e59a6ad4d429fda3235b5b158fda702c06f7e0b5d61f7bb75d
benchmarks/flutter/pubspec.yaml	260	b5d78773e1e164ed4a4d3946f2a608cc8a5c6487	f28d700469264dc6d3be53cd15988a36ed25b507165f60c1b29406d6bf27819e
benchmarks/flutter/windows/.gitignore	291	d492d0d98c8fdc9f93ad2543bb4f531803e9df72	96345475f1a3c66bd32d28178fba151ab1506b35b1f7857b8f7651863093ea11
benchmarks/flutter/windows/CMakeLists.txt	4182	7ca11614565a7db8f2ba393bcd77973152782090	7f5ec6c52e29caba9cae9f0935c2af660b8d1418d3656d154b007e9c7d282614
benchmarks/flutter/windows/flutter/CMakeLists.txt	3742	903f4899d6fced0eb941e159f7322b21b320c40c	1fe418971b6f41bb35ceb3d64113a835f3f6f171ecaa707bf232492b57a588d6
benchmarks/flutter/windows/flutter/generated_plugin_registrant.cc	164	8b6d4680af388f28db8742ef7fb8246e2bb1fffb	82e02567f2faf5e732dc92a2fb0d01104f7ba8c48973f8cfd41a860b4fac3f3b
benchmarks/flutter/windows/flutter/generated_plugin_registrant.h	302	dc139d85a93101cc0f6e9db03a3e1a9f68e8dd7e	dbc11635d7b1ba1887adf40df5b83d634e9c3ab0bee34510c71528bb4d73602a
benchmarks/flutter/windows/flutter/generated_plugins.cmake	743	b93c4c30c16703f640bc38523e56204ade09399e	286346b0d5303dc6b41072f9582d4c52bca35255b85b27b310f858e264dfdc56
benchmarks/flutter/windows/runner/CMakeLists.txt	1796	394917c053a04daa76d8b94f0a02db0bd99e1034	34119ec122e36940235ef4bc245fcfb43b6960ed443e28af1a8d833a81209b9e
benchmarks/flutter/windows/runner/Runner.rc	3091	8180a1f67dbfbcd7faa61ec9c053ce9e9be96ce3	cde9c22d0544d671138a17bf7be245326d1a6ef7a94ef8f3b02ccf002e7dd821
benchmarks/flutter/windows/runner/flutter_window.cpp	2122	955ee3038f988929fac2dedb6a307ebd45dfcfd7	dd185884c0b5301d400b58f12ebb36b1c8b326531597e531b40e44a6eeb0e943
benchmarks/flutter/windows/runner/flutter_window.h	928	6da0652f05f28fc6950cec20ebdfbae89b665479	38e0fcd3a0b83895852ec295cb70d90179c0dcd40d58f065eb5232a4ecd84898
benchmarks/flutter/windows/runner/main.cpp	1277	9489c84c7399af7a27a1d9ba347fc4498a212a39	7a7b0583a4c617fe74b0b01ab73ea53e38e5ea33fff04746c26f29953804b16f
benchmarks/flutter/windows/runner/resource.h	432	66a65d1e4a79f230031ec0e0959a721039e7282f	1fa98588b04561590ba1cf0521ab86a9db4a878312f21c9d5861d965ddd8d1ae
benchmarks/flutter/windows/runner/resources/app_icon.ico	33772	c04e20caf6370ebb9253ad831cc31de4a9c965f6	c098d3fc85cacff98b8e69811b48e9f0d852fcee278132d794411d978869cbf8
benchmarks/flutter/windows/runner/runner.exe.manifest	602	153653e8d67f81b901d28257a65908f3278e058d	825d243e9fa1542619909c1b72d09b3ed7c1f3b225bb8367c125835e5dc3f8aa
benchmarks/flutter/windows/runner/utils.cpp	2168	3cb71466549c0c087512f3465765191e4f7507be	6c2c87106b4b29d534c7edcafb3b7f7b9079caa3cdafa7e56671ad2adf5a2543
benchmarks/flutter/windows/runner/utils.h	672	3879d54755798567f0f318d63340508d5668eb96	95a7f7dddb832997cefa937a96f89472332277e75734a5de553610760b744b03
benchmarks/flutter/windows/runner/win32_window.cpp	8534	60608d0fe5bff3a7a7e05d5a232944a1a8effe5f	9065f31ccf746cf8b390121f958f9e959033af864aed779597066625ed56bc36
benchmarks/flutter/windows/runner/win32_window.h	3522	e901dde684ea8ba25c50ea5dc7d5900da31a30d4	7dd03746b19dcf3542829b2f6e8ed40a2714ce5f2cb3b0e23f0118a2fcf62d62
benchmarks/native/Cargo.toml	312	a11b30d15e10a3cbf06daa26216d5d66ba7aea73	8affe649ededb7dc5c529f7605de32b0c637b05028de1d8f9d0b44b3fe7822a3
benchmarks/native/src/input_trace.rs	2836	c360dc878fbe5a41e14c89be7dfc695fbdf125ff	8080f07fa01c73bf4fa3f4d4c88fbff2d0bdcc5772a41c0ce0befb3728862f0b
benchmarks/native/src/main.rs	8028	891ede6ec9c4d402a8029211356bcf4e875666b5	54776404504973bf6fc24aad2cdef17b841948c0718a58207726333fda7196e6
benchmarks/shell/.gitignore	28	15a4e3460ecb8b6fdf1072b194c58acd78eca19a	59925433b09f608d9074eabb85c653cd92a825accba5e1455d7b2e77e7f6bf12
benchmarks/shell/main.js	2496	5b44c78bd3d16b17c116e4bf830224acd7dd6656	4dda160ef9279a5c95c6cd3e241227d9b3cac7f989b84675d8b611edd9948217
benchmarks/solid/.gitignore	20	b9470778764f72c5257a3361590d2994547f90e1	790e3169bc19b046fe55ba1da6d13b976c28363c8c00462a2195fe5faf260910
benchmarks/solid/app.tsx	3881	68db1c6c9eea52824676b7f41327e68da8fd804a	2e792c4a141efbe86f3a4957e2d3700b2d7d7424012b28c83bd16af21e1bd07e
benchmarks/solid/build.ts	503	e717a89fa334629a82a55d356ce396d8bc0bef49	b86110549681a1b1c0d76f584eb221c2d4c7f3bdcaf4655ffa12f2cd1836842f
benchmarks/solid/bun.lock	18546	16c146376fdee58e061bd7c4e1d33e1a6b1f1c60	bdb7ca53dd9ef38fcc12c76f7796b08382ac47a91a0e38d92e60ac8e4310d697
benchmarks/solid/bunfig.toml	35	09a496a9a987f0afe36b9b442c76d0071c7c37c4	b62053133a345959b0628b853de634e4b9e4cb544bb514cc13523c535ccd86dd
benchmarks/solid/main.ts	178	22d60993fe935accf3e5d2c9746e40dcbd33c241	56b88e485ff85dee0d26a2e4623749729c1832799aeb00df0cdda189a88c5937
benchmarks/solid/package.json	330	f08411af56e077851c6c5ff6d2be4d14b4748f4a	697fc6a31dae2ca1a715c791b9eb87499c6a683d6dd30ca49a343ff788a1a7e6
benchmarks/solid/tsconfig.json	221	bce9901799b1921e5e2e774d76f9c7432e23ac7d	f70ca53a6f359e211653eacd5d3f98f239a3b1a757c1314b445ecd87de9400a5
native/include/gpuidart.h	3433	14f0e750e0d63aaa2ee12714bf17c392164a920a	b5f98d06b6b63de6e4cb748fd965adc1588d66e98787167fb4f2980c4d270a4a
native/vendor/GPUI-NOTICE	150	0c9d573eca6add221e9c93ace6e1a370d0eb8cc7	e01d43c7cbc0d916485e63d0dbdee41dff93c22118a939135742dca1447f9314
native/vendor/LICENSE-APACHE	9723	1b5ec8b78e237b5c3b3d812a7c0a6589d0f7161d	62c7a1e35f56406896d7aa7ca52d0cc0d272ac022b5d2796e7d6905db8a3636a
native/vendor/LICENSE-MIT	1023	31aa79387f27e730e33d871925e152e35e428031	23f18e03dc49df91622fe2a76176497404e46ced8a715d9d2b67a7446571cca3
native/vendor/NOTICE	685	058713dd0a1bc23666a37ffe57094109907a64c5	e7c4131d16224a6d73c66b3f7d5b8ada3ec5b0768f8017767f3bb6f9d70a3087
native/vendor/README.md	7582	d93036b93afe375a05f878c3071a87e761943834	ac29f54a072f18d5b8900a5e13b740891f6b27947c7e4d0c11e5d692c3c1ec57
native/vendor/accessibility.patch	2131	ce109e15c92c6e5cc5681ac1538e4cd51f110829	91a22b75840c77b122dd15c9d18ced26c2e2a89c3d88d66a2c81af93e7ecc866
native/vendor/accesskit_atspi_common-0.19.1/.cargo_vcs_info.json	116	4d48ad2a5d8b833d58e97b1d01a8277456489218	225ec7ff1c9138aa45f17e63a699e3dda1e348e769b61aec0448cdbabc07700f
native/vendor/accesskit_atspi_common-0.19.1/Cargo.toml	1427	1940b4835c55838ca86f00afb466b49b2e25c3ff	9eadb3f1642e8136d507b13c910276debd203929d3acdcfe1370df4c79466e27
native/vendor/accesskit_atspi_common-0.19.1/README.md	317	14846b3466511b2eb993729392349caccc0cef42	d85aba43de55ad4e6d9654bdf9899f1447aa8f791dd4c2789e95ae4b461aa59f
native/vendor/accesskit_atspi_common-0.19.1/UPSTREAM.json	1768	a2fa20c4b6d7db30d7ea4555358f92286d4c29f3	3869101aaafcf246b39c16d13973a6e02a9ab0db7b081746d4ab056a67906605
native/vendor/accesskit_atspi_common-0.19.1/src/action.rs	432	bbdfdf70c9119be40685f22f172748ad66f38a71	36d0787759c74a16a0718a81bd9b10d73d03c1114610c7c7d529ef8f2bd8efb5
native/vendor/accesskit_atspi_common-0.19.1/src/adapter.rs	28798	6b7db3c35f8a520757bc3f1e9d6f88b10653a56f	a0824815eedf7d03632c43ed75cb40486254edd01406be313029daf62d83b9c2
native/vendor/accesskit_atspi_common-0.19.1/src/callback.rs	592	81dce9b920cc412b943aa712305b8ec6e106e1d2	5a4c799c0209340518170f3e9714f5f0e159b7a46ecff8c61596d05b3da3b4bd
native/vendor/accesskit_atspi_common-0.19.1/src/context.rs	3846	79e5fd77a23c6c46c0fc8b47ded4338512213905	096ad72a261a919876c158f78e2b606d7a5813973ba6e5cca685c486cb516eed
native/vendor/accesskit_atspi_common-0.19.1/src/error.rs	1011	b61290324943d1ca0014adc477de25cd95b9b52c	9905c653b2b86274331ba783f6ed3f37acf9bd3f450e59811bdc6b7522c51ff7
native/vendor/accesskit_atspi_common-0.19.1/src/events.rs	1426	aadc1a5a49c093f9fafb75d2de84ffb593110642	831458d5ab667d38a507f9be28419632704894a20dbbb66cf4deb81c04502ab0
native/vendor/accesskit_atspi_common-0.19.1/src/filters.rs	282	2802d57e64d170d2d78937dec1493a84a5957f85	cfe74d16da43ccfda209f11107faf78442c6830fa126cf2d48ffdcdf14c65288
native/vendor/accesskit_atspi_common-0.19.1/src/lib.rs	902	f296305f73d69c63206337b5c72df1ba8a23460b	d352e70c251f821b5a08d6fb05645faf64462bcede1f1582b9909354d61fccb4
native/vendor/accesskit_atspi_common-0.19.1/src/node.rs	67177	0a27fe8c08c2c763404eb4bdfb7c6cec3546135d	8db3adfa613d74857b9fb0bef9b7e2ba8f8e97e5a6115122aed4bf82aef7152c
native/vendor/accesskit_atspi_common-0.19.1/src/rect.rs	898	7705dec924dbe9f7a5121c5224febb128cef4daa	b24337632621ee6bfa6397525bbd864b08b94e23c9201ebefd0fd73d1aa112e2
native/vendor/accesskit_atspi_common-0.19.1/src/simplified.rs	30021	9ff3580c15982219883dd183755fdea27435625b	95dd4aafbd9bede9d2e8d5f614bc691fef50386e92da9d036d76883573eb497d
native/vendor/accesskit_atspi_common-0.19.1/src/text_attributes.rs	2121	0893f2f7a67ac25592940d421c97056ddebd2fe2	bd20841018e863c108d9a25ef6c5324951f4fba02c582e19943bdccdd052a744
native/vendor/accesskit_atspi_common-0.19.1/src/util.rs	4607	0671254e8d93b564b0c3550b830cef7f5d2cd0cf	e831407f6e9b05e403fb4256f037e040d813168716bb1ae3d56f8f0441b58a52
native/vendor/accesskit_consumer-0.38.0/.cargo_vcs_info.json	102	5c670c0285dd1338af26acae41b0979a3b582b8f	3272bb704f4ccc9eda927d7b19878684fee12ada387116f5331d1c2e6e95e892
native/vendor/accesskit_consumer-0.38.0/Cargo.toml	1160	8cf83ff9af5276102af29a2931db77792a6ce273	f75c77dc052103040d9ff95469fe50f94cd327b147fec851a8cb709c8a379774
native/vendor/accesskit_consumer-0.38.0/README.md	207	24bf54bf275724d2b31e81e0e7832401ee42706b	28c871133e9adeb24b4140a520614cee08713c35e2e2688f4a2fed7d4e62b472
native/vendor/accesskit_consumer-0.38.0/UPSTREAM.json	1128	30861e7ad5b39d5348a033ecaadc543508c62416	041d7ad389f472ce10619f0957033dba746747ec45af9887436b9cb61617fb21
native/vendor/accesskit_consumer-0.38.0/src/filters.rs	13941	c2cb66de6dbd7a0d87547844be80a2e3f8eba2e4	7ed1578cac719bfaf02c96aa3fd9adc070b487eef9126d8da2b5bc611b66c6f4
native/vendor/accesskit_consumer-0.38.0/src/iterators.rs	32863	23fd15ae68d3d30d59abc796366786fb2e6dd1d7	241345c892b481f075826cebc9ce9a0d68ee3b88bfa49668ed99388e61031f38
native/vendor/accesskit_consumer-0.38.0/src/lib.rs	7557	11f7ae8e8e5db25a82f8a6498cc24e895a2d5f83	11bf579ec7ff5251ff8646b2008d327db47fad4cfd586c7745076c5710e0fc7c
native/vendor/accesskit_consumer-0.38.0/src/node.rs	66556	86c608c3bb7e67add61d9bcf06760ec5b6ee1246	79eae090be57e25d7944d36c673e0b511d882ecae464ae3093d5a2bcc4121cab
native/vendor/accesskit_consumer-0.38.0/src/text.rs	102639	bd9ec4b173094f19fd2f2b6b9aeae06b9858576a	aec62207031f24728fd8621159ba4b93f98dfa287a6e6ee36d5f370857ac9ae3
native/vendor/accesskit_consumer-0.38.0/src/tree.rs	114995	75f227c747a0babb8f3416f70ee3560c096c8c4e	11bd99118f37469144807416d4430893de938b1533f36d067c04e36235367f9a
native/vendor/accesskit_unix-0.22.1/.cargo_vcs_info.json	108	46980aa485b970cbff382ed03a0bc489e4e50553	4f1ed69660019a050c71392dc51047dbf96bad01ae556444277dda796848d477
native/vendor/accesskit_unix-0.22.1/Cargo.toml	2036	faf4e227580cf15db5269fa014fb171314796fa9	2f1bb12679396e02bed65a1e51bba2375f639cdbceb3773b5226f7dc8f3b9818
native/vendor/accesskit_unix-0.22.1/README.md	487	5663fc43da2bca0755fe08966539c9b55140f24a	843382343abfe5052b670db006fa0fde3f8bf577ef9be8d200392d9b7c0a13cd
native/vendor/accesskit_unix-0.22.1/UPSTREAM.json	2500	57c8606894891d9041388defcf1aedc36cfb8147	7e7a2a6b89231385b33551ed29eb7af23b692bbf0946c1aa739cb2eb9b4349d0
native/vendor/accesskit_unix-0.22.1/src/adapter.rs	8999	afca31f829433e697939c6a4a95e43373e691359	ec4be14db24c8164d9fb367c99b132702a24f10172688d36f11457d4b95b91d6
native/vendor/accesskit_unix-0.22.1/src/atspi/bus.rs	16679	9da5b45c5022dfdc35a13bde0fa755464e14f534	266d1c5fbd10aa97b4375997d6bd02170dafbcd4e16bec387a3196ab7cf5adf2
native/vendor/accesskit_unix-0.22.1/src/atspi/interfaces/accessible.rs	6978	ad61060cd8bfdf85ef4e8039e41d1d2adca0bbae	b60a1c989be3edf03e9661df8663cdd1b3930ac40db40058cafabb322ce38626
native/vendor/accesskit_unix-0.22.1/src/atspi/interfaces/action.rs	1453	e982468e74ee388bfc43e6d865286b3c47356652	7ffa334b1cace21aa567a074d0c1ba59dd2229449af02ffc329bfd4671940903
native/vendor/accesskit_unix-0.22.1/src/atspi/interfaces/application.rs	1054	6ad408b3b8d5a1e8613ddf6f09d8261a37984bb1	530316441ee42b415605f6f50526ac776d8ab038aff24dfa02d4352dedcf2db0
native/vendor/accesskit_unix-0.22.1/src/atspi/interfaces/cache.rs	9981	349eb501821aad6edbf91a6247992daf81ad7f90	30c19dde323e4e9c03c6d204b0185b70ce953ae1f6bfe47ad5f78ca0b85156d2
native/vendor/accesskit_unix-0.22.1/src/atspi/interfaces/component.rs	2359	a457b52a491546e84a7a334ed2d301f408422a5c	bb95115fe289aa2b92b6fce76a7a60df9a93a06a32281192aa4fdd6e75373fc3
native/vendor/accesskit_unix-0.22.1/src/atspi/interfaces/hyperlink.rs	1930	fbb12f7e3930891f9cba111cac155ac6b9243812	9a53b1d164208963ed047326f12ab380700807a3338b8c76f4edd8a492cd35d8
native/vendor/accesskit_unix-0.22.1/src/atspi/interfaces/mod.rs	1048	7e33c1e4deb0726d0cfc3647d87975d6130dd18c	8c3351b0bc27e42dcb5436cb919530b6e14a67d9c5914665accdda3e2479b122
native/vendor/accesskit_unix-0.22.1/src/atspi/interfaces/selection.rs	2669	b311a905d85fb1871b81e1cd1e9a7980299060bf	980d556b2620de481146580744d80f3bde0631b148d1330aed268a0a5a6b7905
native/vendor/accesskit_unix-0.22.1/src/atspi/interfaces/text.rs	4796	c861cbd1b27a23ab3a692c020131a3b87e787b2a	3e36eb6bdd8dcdb7d9831474aec4d0cc86ba281d65addbbb52e72aa165b64ed9
native/vendor/accesskit_unix-0.22.1/src/atspi/interfaces/value.rs	1417	e410acdf32877b29b0dce7ff7cf2201cebaf425f	829dfa73ab581da1be9210c1a6a0361bbb8563fb8d49c7057557cc1ddefafbab
native/vendor/accesskit_unix-0.22.1/src/atspi/mod.rs	418	799e9f3ac22a3baf3c73a33d3207c9fe02c804fe	2ea8e56ae5d3fde6a380582890597d49a0390a86dfddcb275df5281ad46cd90e
native/vendor/accesskit_unix-0.22.1/src/atspi/object_address.rs	1341	8acd0ec5db1ba4f27584bb69bd3e3ff587c9b933	71f293f5de1c46e5e2a2503053baa3c1fe7c62c13cc7c957dbf2843dfa531e79
native/vendor/accesskit_unix-0.22.1/src/atspi/object_id.rs	2282	91ed0eba8967dd12edb4fe5d4e2880b1c0ac9a53	0a0d87d35d858ebcc3dad9695556385aee61509009db3de236840b65bc940c0e
native/vendor/accesskit_unix-0.22.1/src/context.rs	9395	5a990886fff31f2c8795579accc66d2fa46ab9f8	8a5c0881ea79e46ec0acc0864a526b87f2012284d1a7f3edade1b4ea21a7d0d0
native/vendor/accesskit_unix-0.22.1/src/executor.rs	4452	f227af42c623333f54493a7fd7969eed6c9b7dc3	38e4a47fc2afd555d91d8e74156165d7da632c381e488a1c7693ed140ff278fa
native/vendor/accesskit_unix-0.22.1/src/lib.rs	972	d7c558c57c600346d78cc5d09171ef84d8268a8c	4416ce59366d321c3dbd29a1054c3ad6c426168c97f7b237ff3e818de6c3168c
native/vendor/accesskit_unix-0.22.1/src/util.rs	1616	15073021b32e838b1d7c1840b0bd7cff7cb5db10	2a043a60ea1d76c5603d65d5a9844586f00d1d310902032214a10c70b80750c5
native/vendor/accesskit_windows-0.34.0/.cargo_vcs_info.json	111	d9a60b6993753fbbce1abb3cd057b66dddb7cabd	7b556e30d8d54e863f20727b9547512b6955849fc5d6c1819b01301c8a0bd764
native/vendor/accesskit_windows-0.34.0/Cargo.toml	2025	d62d9e3205433e98d010f64fb641242b8b51b0f9	baad411ffb33b69d13765a538db985128def773bc93e6722183c34efcd5289b2
native/vendor/accesskit_windows-0.34.0/README.md	172	d71712013e4ef18cff81393c1a1b128e6e8a5590	622db8e92d711b64279a91e25ae9345959c82bb4d47157dbf5c3a6a53f80f6d6
native/vendor/accesskit_windows-0.34.0/UPSTREAM.json	1688	4832e42a0bf00d53db9b4a02561285d3c5100a13	fa4fbe2a644e1e88c8ea3e6aa00d9dba14e0a43029a33c4699baf996dfa9b6bc
native/vendor/accesskit_windows-0.34.0/src/adapter.rs	26729	f1158fbbe2320366d4f3f1d1be1bd83829a1f7b4	6519a7e59a380c8afadca814fd998d0697e91ad8be94da8e11ac8e5580d47edf
native/vendor/accesskit_windows-0.34.0/src/context.rs	3046	72e5ce5c499043c1ffad96513e69ddbeef1abea4	d67198d243aafe1e8940a6642765d66ce17fbb13e23f98d9e09d99d9400c09ae
native/vendor/accesskit_windows-0.34.0/src/filters.rs	356	e8614e8d184d4c9d51713e23a9e428461594bfd2	744374b547065b153123c80028f129f5c6bb53052660205e1a2f231c3e169f64
native/vendor/accesskit_windows-0.34.0/src/lib.rs	501	7aee09b3ef654ca5d8b1450a24f68cd400948bc6	8a6f20ed5354c9834d88a59091c764f65aa31359f81c57386fe06e9d806e9396
native/vendor/accesskit_windows-0.34.0/src/node.rs	58871	0e118dde54bd7e577d09f335ac0e19c4020a1e49	8d66311f950f16b6e247f64893dc258ac6b3a84495e62d28046901416c3b9785
native/vendor/accesskit_windows-0.34.0/src/subclass.rs	6721	db2d2b6875bdda72d8fed6add59c08495ab1bac2	69bb742d5451f2cff1c2110e77782948cb751aaad3302c5b1453ebf8b3d20a9e
native/vendor/accesskit_windows-0.34.0/src/tests/mod.rs	11733	10612da1bde60ba1946c725eaea32dc3f173d24c	5ea818811560d2af26cade33f7ec162c5f718ee62b2c9b3dd3dc822677d30409
native/vendor/accesskit_windows-0.34.0/src/tests/simple.rs	6874	5a0934a64bc0f5ac8f2eddc40a91da5c74d67c0b	8bd3eb20e258f2a9d5379671f5c3b4121623a66a95f6acfa9f70412323c87691
native/vendor/accesskit_windows-0.34.0/src/tests/subclassed.rs	5469	a83e1b54f3751c706855f73932b07019874d8ffa	0987f1d442d1b57657f17fac6a9623ae012603531f47afcb31ff6ca73cb8e932
native/vendor/accesskit_windows-0.34.0/src/text.rs	22495	07a45b8995d855cd253b071eafdbcf7f49c796b0	a8cee4eae55985cf68e1ade06a80101f65812ea7c1b4e8f2d5ac58b0efbbd1e1
native/vendor/accesskit_windows-0.34.0/src/util.rs	14680	b6e4d36f3957c36721e5fa8360aa51a5fc5daa4f	dab7b1ffeccd6124cfc0dea6ff237e3ac9ba3661c0e23e04a1e433a596490656
native/vendor/accesskit_windows-0.34.0/src/window_handle.rs	753	0538d5bfc2d9a9a9e33c1880cb0feb45209e64c8	dec1d78c81784a18c50f066e89d57d0fe02a7c9199a11e47a0833f8b9113d8c2
native/vendor/cache-signals.patch	804	bce32db32993366c14645829eb06e1cb779f04cd	215a5b40e47415e6c66309d689068afbd1bde849e6e3a4dd4abb8118e159afcc
native/vendor/focus.patch	1111	45b50e46ee0cfed125dedd7fee40db1e41647df2	e98a0a6e149325f5a7336f276e6b24324883320da5fad74c076850616804b4df
native/vendor/font-collection.patch	547	8031c20bf4594308f62001f36c65d5812209a27e	35fb2ba4b9f866163bd37e9a658b90e8fedd6dba5cb6fff09cc2dedb4926f026
native/vendor/gpui-pre-0.3.7/Cargo.toml	12688	0b75bb81f02329dda71dd779c3151a207ee431f4	8b287f24d859e25379185c007a1f7068792ddf98b43a02c1905ca22b3cd559bc
native/vendor/gpui-pre-0.3.7/LICENSE-APACHE	10768	461a0fe5ba20a096c281a2686da08fef79f534a3	752daf2fb234ca4a1fa372c073fe127f44b7b90fd2529ae44273a64f9d53da7a
native/vendor/gpui-pre-0.3.7/README.md	5723	132e5ac1e9f1772cbb63c0f57287024e4a94adb0	989b10e5914dcc8a1f2568303849aeab2d6aa26f2c5dfead96de0491330ada79
native/vendor/gpui-pre-0.3.7/UPSTREAM.json	9664	3fcfb61f3830295614d9820ab101642f2dfe98f5	03ef7470f2114e0b438797a0ce4f7ad557cbefad4f8500a8f57e1172ca6090df
native/vendor/gpui-pre-0.3.7/build.rs	825	79ca3f96a73c09a7c16290db21ac7bf162c84db7	4c8ee205251fb2d5b66446a7d7385a908ecf5bbd1cae31eb4a72bf0b02b7ffb7
native/vendor/gpui-pre-0.3.7/docs/contexts.md	2246	9295c775c759bda643766aeedfc57a29956170e1	2688efb86472685cf2ea1af254c7c4bc70d53dd369c3d30118bf5e356fe86574
native/vendor/gpui-pre-0.3.7/docs/key_dispatch.md	2528	ae7d828a4a3597ab473294c46381f471b043b61d	56189467c43ca57c7cfa507f6ed7cdc31516144cbe648ef1f5fd97696862fe1a
native/vendor/gpui-pre-0.3.7/resources/windows/gpui.manifest.xml	1394	d11e1a4b4d360c2f31bb59708134ea0dd3fd17a8	00bce21693c57d15d1a15f1d8814206d9dd80389bbf63ce5a8f3b364891232b6
native/vendor/gpui-pre-0.3.7/resources/windows/gpui.rc	57	ab209572f885075617548efa3e072d4b44237d07	eb3efc3b6af498552a0dd67f69d58e1a53e49155dfe90e4649478ec64dbd6af6
native/vendor/gpui-pre-0.3.7/src/_accessibility.rs	11011	af14b638cd086c3bf8e2be1888b152d67b8fbfc3	bcdeb209fa6309f5c507d9e8918235e75c18751c1985d0ebed632de643d7ea2e
native/vendor/gpui-pre-0.3.7/src/_ownership_and_data_flow.rs	7413	68699cce7f595eca8172569ad51f10b3cabc27d2	4edbde237dc322ceac8969028811fd30d87a8bd108475a642c4fb961b2770258
native/vendor/gpui-pre-0.3.7/src/action.rs	16166	fda5084c10066f2bee3f616f303d8e6fbec11815	35ff9f0af723f42d296ac1fc6fc220abc7c864367f97d257bbfad707e98d39be
native/vendor/gpui-pre-0.3.7/src/app.rs	125700	612d3df588273e3dd19f5ebe6d3220d68d4994dc	075e8977cd92dc5937ed638522eda17507da39d2a0bf9602fad1fc46df0f941f
native/vendor/gpui-pre-0.3.7/src/app/async_context.rs	17480	c3af6028be6516a226e1c736b31811e2cad8af02	9ce9c6f7fa3621679d4785d74686e81300cdc765b500245d8a92a8d33aed3094
native/vendor/gpui-pre-0.3.7/src/app/bench_context.rs	60433	15eef07eb57b358bb045da09e0a8ecc66c8da8cc	a159d1faa29eccba61db38d3a48f1e83ae8ed8b5501dbf7940991d381f93fea6
native/vendor/gpui-pre-0.3.7/src/app/context.rs	32448	bce22b59f3751b7854f5127cf99737b55b89a186	af9c74ba63623cf4f107861e041cddb72cca5b5c65695ab6531bb44fbf7b3573
native/vendor/gpui-pre-0.3.7/src/app/entity_map.rs	41687	4184503ba3a23ff6400b51b5aa5026b661d63edb	f770a17e04bfb1305577ca423a926fa967eeb3f392aeba10811d2ef7ccd2562d
native/vendor/gpui-pre-0.3.7/src/app/headless_app_context.rs	9459	6ac4bfe9f8510b6c1a9eebca7f9ab7dde8038906	b8f42a8e9e99f74611984fcf301f5f998377e7ea2eacd20a3a9c45873143a248
native/vendor/gpui-pre-0.3.7/src/app/test_app.rs	19985	bf265fd7bffade108aacca753dd1c4e037f96524	ea41a502634c8eb8011a0f499b8a3900939228e6f6260bf8857766c799633316
native/vendor/gpui-pre-0.3.7/src/app/test_context.rs	48141	a4c9fb6528c2a534dcecb337c9cadd0dba854243	b57dd9f67b1b6a344c9859bb5adf9b4405bcf7e21cf0a0bece3fda93b8afda56
native/vendor/gpui-pre-0.3.7/src/app/visual_test_context.rs	16045	b54802a299b83b16c6f70e43bc4c540de896ef6a	b6e0399349417b70cf067a90cf46a385a0b2efc999e30fd4a037d0ecdd87ff1c
native/vendor/gpui-pre-0.3.7/src/arena.rs	11567	ea5968f84e9cb08dd878e5e09195eb88f587b1ce	262e6403f8fa505592dddb674028f43c0e41beb1f51aa97e37c917215052580b
native/vendor/gpui-pre-0.3.7/src/asset_cache.rs	11806	4c7bee1207632edd94252c5dabbcc9d6f8a24c70	cc1eb306523094d2d9a0e15538ce9a4fe29408288bd73e27781ea9a92c1b059e
native/vendor/gpui-pre-0.3.7/src/assets.rs	3813	cb8b47ed0166ba1bf67842766cd50cdd30e8a6d2	44e116678b8b351ecb7fb45a3163b58288d551fbc72049ddc7a8d255d589bcff
native/vendor/gpui-pre-0.3.7/src/bounds_tree.rs	16419	e95e32477b912b810607b20306be5f7d53c76df2	c3da5abcd110191eea8b7b73a88bb8d1fd89251549e889c9cd42d1a7857a1b4c
native/vendor/gpui-pre-0.3.7/src/color.rs	30454	3bd893f99357051e1936f52e22c4c40d6dd24887	4292aa1a2bbc56b653aaef0702726325f8efb93f16226320519e257c3ba8a839
native/vendor/gpui-pre-0.3.7/src/colors.rs	3302	ef11ef57fdb363dae3f910db2e540e3de02fe453	bd7d022046e8ff2303761168f70a473738abbe200f3b40b7f216d16ca05d187b
native/vendor/gpui-pre-0.3.7/src/debug_overlay.rs	15300	0cca543ea5d4b0cf45d4509bbfe05c227f8b9255	c5bdef757b2ce28d4b1e584ba2dbaf988df106057bedab23c185b61451425cf4
native/vendor/gpui-pre-0.3.7/src/element.rs	29450	d6556258e15f7cac891e14861a2cd323fa09f6cf	1eea2303609c4aca23e44e623a9d44eded93ad8b70f86e3e4c7446b3e0238b4c
native/vendor/gpui-pre-0.3.7/src/elements/anchored.rs	13364	29260061bb72ef9ca4dc66ac12919c9407d246cb	1c649ab428e36a9502dca7d9b5c530acccd70f5a8500588c2e400e85d2a15f52
native/vendor/gpui-pre-0.3.7/src/elements/animation.rs	35832	e0768935d9155abd5ca4af12884aa1981a56590a	117a4b1a580382b21accce30308f0480853c1e9372220566748dcb5f74d5793e
native/vendor/gpui-pre-0.3.7/src/elements/canvas.rs	2752	d57d2f604166626137403b746656f433a77579f2	3e09646e725d31c10a88be290c146d6a6e829e0be173e6bc82c138461668e646
native/vendor/gpui-pre-0.3.7/src/elements/container_query.rs	3760	0363ce6900835b0a5116bc8398167085ae291ad9	7e72aab18967e7e16ebbe38c535caf2ac6f881a62cf9f6045922fbeb8a06df07
native/vendor/gpui-pre-0.3.7/src/elements/deferred.rs	6862	ddf324a6b26b861ca0e7ef1c2ede3d648abe82a2	0501cd9c0f041b849e51ea78a69abeb24781e5b5488311c0b87f4cf1ed01f451
native/vendor/gpui-pre-0.3.7/src/elements/div.rs	224598	c32ac995ec5e72577dcc208ba3f89dd606142a66	10f334243fae305666e48d4939ed63495ce01b13534db22a751062a6f76fa59b
native/vendor/gpui-pre-0.3.7/src/elements/image_cache.rs	10665	84948145aa869a09032e292e6b6b0ca679b8726d	e4540d7e92bc63bbaaf703df42338bbfabca764e34b7244880460d38962e14c4
native/vendor/gpui-pre-0.3.7/src/elements/img.rs	35463	2c77e5f32ad12a8fafb88305ba208ca74a80cdac	c196cb1ed3db30ab3141b036c84288a22e04de2b53b687e1d86fe732420374e3
native/vendor/gpui-pre-0.3.7/src/elements/list.rs	111335	fa21d107062ab9ce56cf6bb4f90342bf053ab0e3	42704328bf8f1f5c75b0129dfaf4052e475f2de1bcfec3a2c6f92f518c6cb573
native/vendor/gpui-pre-0.3.7/src/elements/mod.rs	434	8a2a1b70a7bf28464547009020efa9caff8f0cff	447ab5d960591744b9f193bbf9af562b5fbf9d8fd156e179584031e6f464d632
native/vendor/gpui-pre-0.3.7/src/elements/surface.rs	3356	ac1c247b47ec81bca06e458827786f549ca2d747	b72696ba0a043fdcddcad5536c7cde2e1703a4fc185f6a5449b86b62cee20819
native/vendor/gpui-pre-0.3.7/src/elements/svg.rs	9044	176072f1c88a5635d1b8d703ac0eab5237e43a6d	ab5412945c36fd0087e95a1544d610cf9308e906b3059835b4c49f98f4b9279e
native/vendor/gpui-pre-0.3.7/src/elements/text.rs	47129	d1896ad0a65cc659f39d18cd601e2f9f2342ee64	3ffcc422356924ae4d6eef864421f56588be65cd931c8fe35d7e5e6438c23346
native/vendor/gpui-pre-0.3.7/src/elements/uniform_list.rs	33672	0a449a20a3cf4c0d676c6d03053baff1d8de6e8a	04221d6daf31f1bd994fb4649a19df3184b56de293301c0306183bd642e09e03
native/vendor/gpui-pre-0.3.7/src/executor.rs	20747	b4348e940d0ea217a0191c19426ee42120c3edaf	6047eea975fb8d0b3cfd170a07a73d72a27b80b91830c272e8c84ec49ffde52c
native/vendor/gpui-pre-0.3.7/src/geometry.rs	120411	1c87031c7aad8df10827152debe6f74672d7c07f	900fc506a964cda44ed0cf1f97c01ff28d7268c87c9eeadbf7a4f1bb50e33edd
native/vendor/gpui-pre-0.3.7/src/gestures.rs	91013	ec611576efb00e37d781c049937aee4b13944601	0a1db91af00d98d35799bd2c82f65ec8d39e026dc58c66b78623368b367dbb7e
native/vendor/gpui-pre-0.3.7/src/global.rs	2542	a16934c129d70c3a7be5272dd8704a443b521f5b	c52ddc647f712282a3a1f3629f864d0868966169fee7aff5f1f8d27e67f3f077
native/vendor/gpui-pre-0.3.7/src/gpui.rs	11628	387729e8a3ec2a140c3ff1d1ea496a3284ea4545	667571c3c84b8db714961171b4bdc5c82fe85b0dfcbd630e89e5b4f73fe71299
native/vendor/gpui-pre-0.3.7/src/input.rs	15038	4167aa09905b09ab818f9d95b1646e71339eafbd	212ab29d9ac70756d2e480a246b56c5028257746cd5f1b49a3a59a12b7a19db9
native/vendor/gpui-pre-0.3.7/src/inspector.rs	9580	d353690e319e923fc783298c06c93cc000fe0bf4	39a2790b992b2c354eccb4d60a7070e41628a86c5463d339f9c7b8fa250c1ede
native/vendor/gpui-pre-0.3.7/src/interactive.rs	31608	913cf1ba7905adc46ba6d6799848bbcc49fe8e13	443b41c4f7d6d31ba288a49a151dc2280ec1e1e20df2f558551dc07009672087
native/vendor/gpui-pre-0.3.7/src/key_dispatch.rs	75081	5db400fab980f11f9e0ae8d79092fdb80c38cb4b	2fe88ee61eb3a1dbec40e10e6d56e5eb92862a28116f29f3d035e12eae6e6974
native/vendor/gpui-pre-0.3.7/src/keymap.rs	34828	bef0d03a2b951805ff6b966b57070055049200cd	7b007c96f748b0593ce56f9ea1520422b3b9401919cc442f2ef4a2b374e203be
native/vendor/gpui-pre-0.3.7/src/keymap/binding.rs	4741	fc4b32941b85f4cdea31aaba7198d3e7043ee481	7306cd42de8bd0dbbf111c7b1c9d30b2a814251ad0f00b7f7cb3bf042925f895
native/vendor/gpui-pre-0.3.7/src/keymap/context.rs	32639	27f361bbe28a812a2b8996433854504d26bfece7	dd3cf2e883caed26e201a8aed39fbc51de782e7f806ecc22fde617929ca223cf
native/vendor/gpui-pre-0.3.7/src/path_builder.rs	10513	40a6e71e0a1738adf1ed261183d2340682826992	07fa0b21e5493cf46ce54976d77ffea3a430ddbbc369c4d4e247a3bc68854e35
native/vendor/gpui-pre-0.3.7/src/platform.rs	119336	c03653ed942186d7935f9f76036d6a1a49e83909	9de7e0b0f29c51b149263b9bc9b4061bfbe41849e296b75df9cf259d9bbbdc4c
native/vendor/gpui-pre-0.3.7/src/platform/app_menu.rs	11423	27c20c00badc50a965560073885f09a4e271ce5e	c751e70bf50cf2366dad9d6b2a66fc3a8e9cd1547128173dbfc59520feb454cc
native/vendor/gpui-pre-0.3.7/src/platform/keyboard.rs	1225	10b8620258ecffd41e8018fc539c47812df0fe05	8de8d585f4238204fd14113abded703afa6bb0a532dacabdf400df8249390376
native/vendor/gpui-pre-0.3.7/src/platform/keystroke.rs	23052	c45c7c1b335addf2c91df2a45a04d5c958910ec7	35515a9d079060667e99851f09227d0ff2204b2d0d951bd96d8297f3bc3f9115
native/vendor/gpui-pre-0.3.7/src/platform/layer_shell.rs	2987	8be1b5fcdb46c98acb80e6970edbc5a856f180bb	cdb4822c6589461045f09829640da3961e957d782c8e4763050b65701c90d305
native/vendor/gpui-pre-0.3.7/src/platform/popup.rs	5650	a1f8d7ea0d572f2cca45828a7da2e7613b8c7e5c	18a8aa2aaf3739c71d34233e7b2dabb4e902e5e27f9e1dcb362acd110478bb1a
native/vendor/gpui-pre-0.3.7/src/platform/scap_screen_capture.rs	11934	797e19ba23f715c372d76fd349577dde16a66f6f	b6492678395e5a9a3335fd6babaa60192dc5b971efd32f896e33fb8fbbd7e484
native/vendor/gpui-pre-0.3.7/src/platform/test.rs	275	a327d8fe942e1463ea26b019351277bcb040dda2	52861874bfdd1433728d61bd7be3a40b1f8c27aae4e4cc9d31b311ef13bda994
native/vendor/gpui-pre-0.3.7/src/platform/test/dispatcher.rs	4204	c48e491347485bf217bc724654b01b3ca539cdd4	dea03a78a0c64d486f2c5b7bc669ba281638a0f8ee53316a52993a0e5b5cabd0
native/vendor/gpui-pre-0.3.7/src/platform/test/display.rs	723	c4adb014aa523668677e1ba40b5499485a8932b5	1cbb36acb34c98fefdebf9c3676ff6b2dad93ef9e51ed7729ccdfa34f8b6ceb4
native/vendor/gpui-pre-0.3.7/src/platform/test/platform.rs	24179	4bf08387848a40c5851fa03d1f66ddb3e83a5883	3a95163b4974fa09a6ee6b4c3f9dd579698e642afb80a8529d4e17989b23ce22
native/vendor/gpui-pre-0.3.7/src/platform/test/window.rs	19096	14fb8896b24a71cc47f1963c81aae0fc4f9f0828	e31520f95c8910c6e378a39a4fc59312ed02f157aa7f2aaf2ab59d04a29553b9
native/vendor/gpui-pre-0.3.7/src/platform/threaded_dispatcher.rs	26946	b1fb4974df945e84a8e5fe83a0ade3967473520a	aff57da6e74ddb0dbdb57f2c58b08236c1b78a4971e0c6d2f095f0746096f09c
native/vendor/gpui-pre-0.3.7/src/platform/visual_test.rs	8114	0454c31014ac905e5d0b0e232447bcc6517cbe44	71265c50863bfb9eb0dd5e103d1bbbb5d612e73cee1614662c26ac538db28124
native/vendor/gpui-pre-0.3.7/src/platform_scheduler.rs	16772	a555a5a36a5fbaa5a463f9037172ea20316e4df4	db193099a1b790d8658e1f056b393bb03df5b97f2c89f60c0ebca7186bdc0a51
native/vendor/gpui-pre-0.3.7/src/prelude.rs	489	b5185a25e8619886f9a2240da26e4d2b4cabd0ff	cbbef2e02b205044bb46dbe0e5353af35dfa466bcecb45078947994958ef133d
native/vendor/gpui-pre-0.3.7/src/profiler.rs	56564	e8108c106b8c456925e72b1424a7e285f536fdcb	2ead5740bf573293e4866ae40ea06d82721a87d31c0310415c3c0e2f2866508a
native/vendor/gpui-pre-0.3.7/src/profiler/actions.rs	6202	a4892f8ac223957bd93e612a30ddbfb580b839b8	1907458a07d8370f19652fb60bb0bf1ef8ee8baf3e5fe4d04fc54f380e586d8f
native/vendor/gpui-pre-0.3.7/src/profiler/hang.rs	53513	23d63aa658bd049db5adc49f27db53014b9ee2ca	2e410c91cec8f874471d7463194b8a7ccf2deeeefca80b3da4e93e7c335d5acb
native/vendor/gpui-pre-0.3.7/src/profiler/journal.rs	112267	ed6ac6c5889007dbcca31bdf03ae3fc11fe76b77	f4a12172d034ad393899c4f820ad9488533a1517c87e01716759305b120286da
native/vendor/gpui-pre-0.3.7/src/queue.rs	13134	3e02b1359d9003ded61440d8eb8ee5c11e8579b8	3eb36c766b3ae5c78b7373a6fa92a3115e498769c99485d78ad8e910fde19305
native/vendor/gpui-pre-0.3.7/src/scene.rs	31085	ea0f5d7e31af4330b8ecafb613f26e49a32b8878	2162c7da284ca995e5a84a3c9b66fbd65abb63d96858c0cc76c25efd4ba1d66e
native/vendor/gpui-pre-0.3.7/src/shared_uri.rs	627	e257aaf08da0a5f4d500919e376d5a22e9ab5d7d	7a0a4feb3e290bb3f2c15fd4c8ee4c8ca3a9a5974e04ec084c4f8f0f3fc89248
native/vendor/gpui-pre-0.3.7/src/spring.rs	27610	efc878061be7c6996993a629c9917034842fc420	1cdc32dc3fd2d2b8cbdc7809e51c276ced938592dd08083fe7cc063a02086663
native/vendor/gpui-pre-0.3.7/src/style.rs	54147	9150fdded91b817305454f18beb0a0b7d6c5966a	b4a0e838fc7050cef25f71aae623cf86010c2ec361600479d24ce1aaff91bdc1
native/vendor/gpui-pre-0.3.7/src/styled.rs	33010	a24982a6acb6071701d2258e47a5f25a86d1ee89	c6e62fe136bedf887ee755c886df5466d5fe0b398a004b35d1a3530fef809c8d
native/vendor/gpui-pre-0.3.7/src/subscription.rs	11066	b0c55a3966192ea0a15011e3cd2d14498c680c46	cca3b5138cb23084932772c8e009cce8a08562c2c00b69f3e0d4b1676b88087a
native/vendor/gpui-pre-0.3.7/src/svg_renderer.rs	18565	798fb2a9657b4a895bccf8837386d4105b458928	fb12dae87c0cd4c5f5a1fbbd2f9548d52fde9440c21e3d576dfeb0233eda88a6
native/vendor/gpui-pre-0.3.7/src/tab_stop.rs	18973	bde651ae5c4572dbe5a795c91082dc8d8cc58b7e	7f742d6d6b7e5cd6fc634f2764fc3937e1cdebcf086d4b7c166379724edd1881
native/vendor/gpui-pre-0.3.7/src/taffy.rs	28113	b9e583a8df43a95a8dd87ae73822ad52efb0d5ee	dd561fcc6b693cfcd15b343b5e2935b9cff2ee8fb373d5e7166ca71ff1f74880
native/vendor/gpui-pre-0.3.7/src/test.rs	7717	a93424edeab601339e64bac5d8350511568ed41a	3898a57d360edf65a9388ee005837f3d3b84102911cf79590352d12542f69a9c
native/vendor/gpui-pre-0.3.7/src/text_system.rs	51974	cf6bb10293699bb4b9a5c8149f996822444fd732	b39e05a8a8f7b36e13ffe1211d2c2993f68f2ce4cada87ad3414492a42e927b4
native/vendor/gpui-pre-0.3.7/src/text_system/font_fallbacks.rs	635	63dc89ba41ea9cf44bdffb7d81d3015d696f4413	8451a6f069fe78c76da11377ee17b01aabd3c35aaa494fb329f2ae5a5bf9736f
native/vendor/gpui-pre-0.3.7/src/text_system/font_features.rs	4756	c1ab72b417a53b86a5b43f7a90aec9e439aa1fab	85f901df313e3b8379e65b70a0e69e5dfc7d8280a761e568d1f4293edc4c4834
native/vendor/gpui-pre-0.3.7/src/text_system/line.rs	73982	f5210052e2b73d03521c35207b0e05550aba3e48	25bbf6a409ce8e70d1265a858f2d2abdbbc2c110d515abd31bb0a379cdce54e3
native/vendor/gpui-pre-0.3.7/src/text_system/line_layout.rs	40252	f0bf1211114e4522a5310067e2549ba2727a4c1d	a78d230d050bbf17bd968612da1d84f4c8aaefc39f82100e11b2b3a6990d45e4
native/vendor/gpui-pre-0.3.7/src/text_system/line_wrapper.rs	54368	678e9e0f1859e270ee1fb1ea21d5db92c177e948	bb3ab3fa326466850816452fcf0ec82e3939a4dde5cb5f0515d771df922501e7
native/vendor/gpui-pre-0.3.7/src/util.rs	8167	13ee752dadf00ac0f4f2e450bb908ba544550943	04397f667bf5d890cce690b96441cd5b8f5eb0a5dd2942ce27b0314be38fa636
native/vendor/gpui-pre-0.3.7/src/view.rs	19358	f24a4da9b7906e1c1f8dfd110f75fd6ef9c5aad8	11eeda4ac05a0b03b22df9ffd58fc08ce1f6b0ef57af6cd8e7679d06f4601d94
native/vendor/gpui-pre-0.3.7/src/window.rs	361472	d09fb29e2c3f4afb5b9879f0e4473d8a3a6d6ee9	b91a966cbcd1fc74f3d2bfd4f29330954d622697852582f435a51c60ba81d78d
native/vendor/gpui-pre-0.3.7/src/window/a11y.rs	34973	5b63821232a73dcdcac5bb7c402b7b31645982e1	1579b5772038313635feda4ad5c32a46f5bd843396268c8b573d68e7c57488b5
native/vendor/gpui-pre-0.3.7/src/window/a11y/debug.rs	11527	ae98aa52837b11b7183601dcbf70d6503a14f598	2055ed9e63900a601a973191ff82ebbd91557178036826a4d2c04b09f5cf4dc2
native/vendor/gpui-pre-0.3.7/src/window/prompts.rs	6719	980c6f6812405a8fbf4f8c6e24388ab4f967a94c	0d58ec14e8139af53b50f4ad67690f01959ed59ffafc4adb2cf522f3f6197164
native/vendor/gpui-pre-windows-0.3.7/Cargo.toml	5778	4750ea98ea4f9e466c2f04397249b24c4dc4b6ff	a18a7efb4b25e2409ca9c47e2bc67f6229ef7b8e5646e145b1e90753ae9faa84
native/vendor/gpui-pre-windows-0.3.7/LICENSE-APACHE	10768	461a0fe5ba20a096c281a2686da08fef79f534a3	752daf2fb234ca4a1fa372c073fe127f44b7b90fd2529ae44273a64f9d53da7a
native/vendor/gpui-pre-windows-0.3.7/UPSTREAM.json	2836	17d4a63ec9ca17b9c18d86a814b7bce8700c5b8a	19e57d939408b4fb9e9bb6c09e929037127c76c621e8f0e79b6d27fc7a5b58b3
native/vendor/gpui-pre-windows-0.3.7/build.rs	7683	1db95715e26daf9ab0ca5097183a763cf3aa8340	3192734d0448f3ec44525e3b55c025d30d9926edce6b24e5575ac27a1ab3ad06
native/vendor/gpui-pre-windows-0.3.7/src/alpha_correction.hlsl	2010	5a34a4ebf28f5ea1a4f70581e10a23b5b12f01a9	d37b106f1266b40a0e17478455dfaac1205214f597e23fbd0a26455c49806bf4
native/vendor/gpui-pre-windows-0.3.7/src/clipboard.rs	12957	cd0694ab3159984ee7e66f0d71f8c3a6c6ea16b6	513125f0afe8c9393f02121310cd250784de0910adff7d77b31363992281fd4c
native/vendor/gpui-pre-windows-0.3.7/src/color_text_raster.hlsl	1207	2fbc156ba5ea9e443366558d10d0b8791c2eb488	53bb7f737dcf5b7c7a2c474cf6e7f649cc4e7d49b5526c2ac5f75f75086ce2b8
native/vendor/gpui-pre-windows-0.3.7/src/destination_list.rs	7044	d6967c01d2410fa5cfa6a5ed7b255a6a6872238f	2f9bfdb5e7fdfdb2f72e4e150683677538b38dc4087390e916df765fab46a6e4
native/vendor/gpui-pre-windows-0.3.7/src/dialog.rs	11442	16866cfc35a9236a835d0095b5ee063421a1273d	94f35e514b4f42ef96aa0a66934193a33534bd1536cc526e2be3547c745adb41
native/vendor/gpui-pre-windows-0.3.7/src/direct_manipulation.rs	12095	9adcbed343bec61530329a1673f0185cae41c115	da83877b3e6c2d3f7d391eb151cc4cc56c70dbc95b261f5bda2e3e861d8aca1d
native/vendor/gpui-pre-windows-0.3.7/src/direct_write.rs	75833	633b83f8b653294deaeaa450acf2df7d92a889c6	e3722ede834f91e3b88a4225bc55c43e6f91c69aeef4f13f0e1239fd7c56a8c0
native/vendor/gpui-pre-windows-0.3.7/src/directx_atlas.rs	14420	622c1cb6040ae6817692fc9f4ffb89dcc43f142e	eff897707e3b8b4e549cd247725a6cee9c14b6a8188e32d32ad6360d693ce455
native/vendor/gpui-pre-windows-0.3.7/src/directx_devices.rs	6143	8e65e6e626aa9bca9bdf60d268d2309ec4b4c1e1	83372170f6225db45033473d118fc43708942ec9687467de09e2b5215c835cf1
native/vendor/gpui-pre-windows-0.3.7/src/directx_renderer.rs	76291	dcdcc93ee86ce2df9f7e2b794a1cbce5aaae78bf	76c73b8f718640e3766db3197d149228cf4fda7936afc2a122237aa80f6a920c
native/vendor/gpui-pre-windows-0.3.7/src/dispatcher.rs	7052	55f18b50c0716d55c283b3b840ab2030e891454d	a24daa0105ceadc2a4d50f0d1afab5a4af441a6a1254412d9811a04095f8cdd4
native/vendor/gpui-pre-windows-0.3.7/src/display.rs	6446	ee02309d8c7f3c92938c2154d1db30721599993d	763040fe7a9c29d78c46e42dd8c4ffaa8eb703d7cdba0748b709a8e76787f614
native/vendor/gpui-pre-windows-0.3.7/src/events.rs	65876	f1910b56b5013f16ba840664c3dcfcf88ed00a66	7458a01f0b2c6569a251441054a8375cf3910e1d7399b3edad2ca80bc43b0f8c
native/vendor/gpui-pre-windows-0.3.7/src/gpui_windows.rs	952	e7a45a034dc235dab7bc49cad209f9cdef143802	75343c98433a942fa1f4a700592e11361edb9a236a5523fd9a6327523b0c9b6a
native/vendor/gpui-pre-windows-0.3.7/src/keyboard.rs	11243	8164bc1564d48b4adcb23deb40e91ee28a00a656	4e373ce1a3f23b6527b1abb3051b59c96d5cc2b0f777d4d4097dd27dd1673516
native/vendor/gpui-pre-windows-0.3.7/src/platform.rs	61652	348aaa3f23f14c75eabbb221dec95979f2a07db7	5f9da137f264b8e0ffadbbe6eb8edd83dcf38718f14e13eac52bfaad8b291fb4
native/vendor/gpui-pre-windows-0.3.7/src/shaders.hlsl	46996	ba89c6873354fb7449b8294878e080a68c3dd29b	16a7d6ba1e2095bf1aa53c4d91a3ba54282851c4c097dbaf3d688d6f6983c4fc
native/vendor/gpui-pre-windows-0.3.7/src/system_notifications.rs	7614	b0075f0e39d781761f0bd19ce6210ab0cff12bba	d0159dbf6fd10622a5b106806ea2f57b3fe983eb6e2fc8635ab38bdf6529879d
native/vendor/gpui-pre-windows-0.3.7/src/system_settings.rs	2551	8cce544be1b910269ad42eb3e33a5a66cbef2056	a9d22571c2405f610d44b85d86fbcf0356f7cc6aeeffad269a534b42eeffbdd9
native/vendor/gpui-pre-windows-0.3.7/src/util.rs	5638	b3badd84d104b123ab7e6cdb3129034641ead4f7	e9bdd79c80149f7d60d2a35f4e86398343762a6c2549fd67de1de4de9ab65147
native/vendor/gpui-pre-windows-0.3.7/src/vsync.rs	3010	51fbdf6c5000937959c8048ff7f5918d4b112499	2223e21da45cbefb3d427e5a804ac7367815db41e56d1d47f315ab0ad9efb675
native/vendor/gpui-pre-windows-0.3.7/src/window.rs	61476	73f56d7a54b68bfee17c7c0290babbe4c122bf0f	35ca36a271ca0f3be6b8bcd9619d16763704abeab10d825c85a234c2cb208058
native/vendor/gpui-pre-windows-0.3.7/src/wrapper.rs	940	60bbc433cabc1c6b7c72c9912196ad58f4093da7	a17bfb94697904d650a0db4007880262256d06bf96cb00af387e73fde7536c8b
native/vendor/menu-invoke.patch	627	93c934871ea436a2e5cba9c2e240fa6bdcefb6ad	34850b1c1f62a7d0ddb46248bf7f1c6525f7d99056662516ba2c717f8c507d5a
native/vendor/present-feedback.patch	5527	c946297ee5bf1205702e5383ed3991ae3d530553	32a03c9295baa6c18af29fb74fbc650484318deb882428633e4adbef99ca1d29
native/vendor/window-bounds.patch	947	128b0826d40f71fe762a6ad77c83407485670951	82db82dc6dc984d3adfaa3bea857bc0b5b7818144c469275064854caf36a22ed
reports/control-catalog/.gitattributes	37	e8b6ddb99161b068cc5276a442b1c604e5dbdd79	7beca09de675b31467d6b948f1d289320ae9b96862ca640b7bebadf722f34d06
reports/ime/linux-japanese-20260926/.gitattributes	154	61fc1575a3df66dbb99478e98ace6c2bd9b246f8	e3b0cf17fe62ed4573907befa47b5a89f0cf940881eee1de9e2c40853b314c84
reports/ime/linux-japanese-20260926/drivers/advance_guest.py.txt	1889	1fc022088c3230e85cb577226c33b6caeeb73330	2910f6f8fae33b147ebd35d35b1f9e941218f3653a3c007ced1d0ed6c40f180c
reports/ime/linux-japanese-20260926/drivers/audit_evidence.py.txt	5067	8569b55bb6fa2b9195f1eedb8ef11d834db32bc6	2fa91e22df890844dedd0854b5a918bb3ec65d916f856e4d8043adce212dbe04
reports/ime/linux-japanese-20260926/drivers/cleanup_guest.py.txt	1831	90c123d1f8a684fef46526b9cf462691387e275b	6ac11735bc46ccaf71f34da2049d0614940a9c46d8cef56c5ac5d21cd130cd40
reports/ime/linux-japanese-20260926/drivers/collect_evidence.py.txt	5009	3c6c5455718a6da9723557f43e92939c6e5b1a6b	67e1e52ff3371347c26bd320c6b61ac276ff087df32b496f7f211c9c6cf7ac36
reports/ime/linux-japanese-20260926/drivers/configure_xim.py.txt	1259	972692b2360cf3a9cd0e674a80f711c570760444	9a6ea881fe3f5f256bcf304cd169a2823b9f570abc401e2f654be62bf18f4d1f
reports/ime/linux-japanese-20260926/drivers/copy_sdk.py.txt	585	23abf2dd2b8188982c895fc122dc53f7b95f75aa	a31a869c6f228cf901f88af41a499e97b1c8c937e6514edc3a16af530d3eb999
reports/ime/linux-japanese-20260926/drivers/guest-env.sh.txt	313	ac8bd04f66ee4e3df7c9047c98d77d4168462d8b	5ab1bfb7d20c5acd674f535596f5e788b2873415b86e89c9198655f97079bf9c
reports/ime/linux-japanese-20260926/drivers/guest.py.txt	703	76525ce4e9f2f0c6d04c847f72912b7c67baf909	4179ace483855bfae930df226ffe23864a4542f22920b37a65f0c66b8e8af8ad
reports/ime/linux-japanese-20260926/drivers/observe.py.txt	3696	e9768feed24970b2c5abcc6418f7d3519dd0600b	8327410409b62b633e9ccf0bb82a3db15dc8d057374a03ee6e5a2dfc630f4553
reports/ime/linux-japanese-20260926/drivers/probe_startup.py.txt	1722	0d5a8e618915316d268714a10e4deff669881848	23b6c82f77f0c15c788f9cb91cbed756e176b2cf623615957c271ea38d0603d9
reports/ime/linux-japanese-20260926/drivers/provision.py.txt	4281	c0dbabba24d543c623e2faaba2d934d135ac2245	3aaeaeccf7bd9c2b30096ec4963b3ef2fdccdefd60c15380dcca54a5b1412299
reports/ime/linux-japanese-20260926/drivers/reload_sequence.dart.txt	7119	4948423610bb9085113823696f4aeb6c53956e41	5a6c0cda4d08bd71afe5e2f3542a7e60996f2d8175cf940cbef413f2ac354cdb
reports/ime/linux-japanese-20260926/drivers/restart_desktop.py.txt	964	45d4a05edf4eeddcb398fff09ca2a2d0addae95d	5e5904f01e29004a55f8035301cdf9d8aa25bbcf21d9d134a8be253d13afc414
reports/ime/linux-japanese-20260926/drivers/run_action.py.txt	702	7ca20118ee463334723f015bedb1bfd032ddb42a	2e9a5b68199d174b885f09d5b87f4819e9cfccde91796cb852bfd011f6a81ea5
reports/ime/linux-japanese-20260926/drivers/run_jit.sh.txt	281	70c275032552e4229862641148c486fa70b81a81	f3647950094fead505227b6442f87d918a88270cf7a118ab4d88b5cf1243bc23
reports/ime/linux-japanese-20260926/drivers/start-vm.sh.txt	497	c7adfc48608957e148cde8488b292f554f29632b	a543de5acff78921f7bfe82475993543923b6813e09b679eb0ca861b4788f4e3
reports/ime/linux-japanese-20260926/drivers/verify-clean-v2.sh.txt	1212	a99d93ad8e8240bb50dc355b2913bdecb9bf52d7	9f657221bc6e2d5240fde155185450013b1f43218b580d866943045ff3d5691d
reports/ime/linux-japanese-20260926/drivers/verify-clean.sh.txt	1173	cafabdc1c7a1854ae12c8b291de13ec3c3d67eee	4ffafe517a88589c4e68e4d63b6e42229faa844f5a4030db6017825c7e8d271d
reports/ime/windows-japanese-20260926/drivers/audit_evidence.py.txt	3108	d020bc3a57cc94bf8e251b8f7db3e620d45c749f	f42f711a337a30f72f97b27ca9fc09b621949c5633042c4d492a32a145042888
reports/ime/windows-japanese-20260926/drivers/desktop.py.txt	9757	d3b0599dc0fa24b3ad4454d2480310210fd2c0bb	d11b96016e6dc101858599c0d88dbee2945fa1ff3212990188ac16f9f15991d1
reports/ime/windows-japanese-20260926/drivers/reload_sequence.dart.txt	5231	8fff0131b4437acbea8811b43b0f5f0acde027d0	21e97f0892c8d740661561859e1c66eed20645114d97af3cdb72fb31513aa96c
reports/ime/windows-japanese-20260926/drivers/resize_sequence.dart.txt	2364	b41ec9cbfe2c6960f7a931fdc0cb3c3ad677bcc3	9a4f5c8bdba92246565b05ea035fa8139d0677628421d66bff8483516cf159ab
reports/market-terminal/attempts/17cb8c7/linux-pointer-observation.patch	801	64a8c866e344a091c3fed99a51132588f86402ab	d444aeea3aed4020cf5f0ed34f0ad8983f6756a389854ed7bfb5d888b40a48de
reports/performance/.gitattributes	47	f88d6c68f137ebd14012d82291a541b30f9ec09f	920781736b28385b1c3625f2a8a187763ea8facb06daa3f6bb319bee46182807
reports/reload-investigation/source-forensics.py.txt	2713	4c10f5adb5e6636237bd7cdc82a48a8ab817c53d	4a1ca9d16e113635e89fd2aae723ab9bcad2533f877462c89febefb873b76efd
test/fixtures/companion_client.dart	632	e7c3e5487202799ab523359526ff1c5eb19d0e94	89a89cd0f0c78d08a8be9b7701364dff80d51206cc3f9671e92a4c40842ce1a3
test/fixtures/fault_host.rs	6325	8e167033131567b02e663a75b1fc767059ae568c	be8ec753e81a6128de5db08e14437c44f8fb70d8d9e0fc833058d34faba68b1a
