path	bytes	blob	language	purpose	main_execution	main_callers_and_evidence	alpha_tracked	alpha_legacy_execution	maintained_by_project	vendor	generated	category	comparison_harness	third_party_comparison_implementation	fixture_status	disposition	alpha_replacements
benchmarks/analyze-input.ps1	4563	f875e4db30b8a995e25bfd9a79b29e4eddf94894	PowerShell	Correlates injected input, GPUI handlers, applied revisions, acknowledgements and state readbacks; records the first missing stage.	Manual benchmark command and invoked by trace-analysis regression tests.	benchmarks/README.md:82,84; benchmarks/test-input-analysis.ps1:18,42	False	No: legacy file is absent; responsibility has Dart/Rust replacement.	True	False	False	comparison analysis	True	False	Not a fixture data file.	Already migrated/deleted on alpha; migrate callers and delete old implementation together when moving main to this source. Keep responsibility in listed replacement.	benchmarks/analyze_input.dart
benchmarks/analyze.ps1	7676	a8d5b5e16ade02006e730a73b3d988f3031a1c97	PowerShell	Analyzes benchmark run JSON and PresentMon CSV; filters process/time windows, records distributions, delivery eligibility and failures.	Manual benchmark command; called by pair summarizer and analysis regression tests.	benchmarks/summarize-pair.ps1:20; benchmarks/test-analysis.ps1:21,40,54; benchmarks/README.md:22,54	False	No: legacy file is absent; responsibility has Dart/Rust replacement.	True	False	False	comparison analysis	True	False	Not a fixture data file.	Already migrated/deleted on alpha; migrate callers and delete old implementation together when moving main to this source. Keep responsibility in listed replacement.	benchmarks/analyze.dart
benchmarks/build-trace.ps1	1046	a423e21fce98006aef9d80aab1b4d1bdb572f98f	PowerShell	Builds instrumented Rust/GPUI-Dart comparison binaries, stages them, then restores ordinary release binaries.	Documented manual trace build.	benchmarks/README.md:80	False	No: legacy file is absent; responsibility has Dart/Rust replacement.	True	False	False	comparison build	True	False	Not a fixture data file.	Already migrated/deleted on alpha; migrate callers and delete old implementation together when moving main to this source. Keep responsibility in listed replacement.	benchmarks/build_trace.dart
benchmarks/build.ps1	1592	333d318e7e5e8d2a0c2e09331aa0f30fefa43a30	PowerShell	Builds project comparison apps and the pinned external GPUI Kit shell; compiles Dart and Solid fixtures; invokes comparison packaging.	Documented manual comparison build.	benchmarks/README.md:10	False	No: legacy file is absent; responsibility has Dart/Rust replacement.	True	False	False	comparison build	True	False	Not a fixture data file.	Already migrated/deleted on alpha; migrate callers and delete old implementation together when moving main to this source. Keep responsibility in listed replacement.	benchmarks/build.dart
benchmarks/install-presentmon.ps1	630	daa9c6c602b88a6b08705b460e22bfa8ffb7b73c	PowerShell	Downloads the pinned PresentMon 2.6.0 binary and checks its SHA-256.	Documented manual benchmark setup.	benchmarks/README.md:11	False	No: legacy file is absent; responsibility has Dart/Rust replacement.	True	False	False	comparison dependency setup	True	False	Not a fixture data file.	Already migrated/deleted on alpha; migrate callers and delete old implementation together when moving main to this source. Keep responsibility in listed replacement.	benchmarks/install_presentmon.dart
benchmarks/package.ps1	3868	0ae674136d8e8f1286c5f5442a214744cc904f51	PowerShell	Stages Rust, Dart, Solid and shell comparison payloads with CRT/license files and records sizes, hashes and build versions.	Invoked by comparison build.	benchmarks/build.ps1:30	False	No: legacy file is absent; responsibility has Dart/Rust replacement.	True	False	False	comparison packaging	True	False	Not a fixture data file.	Already migrated/deleted on alpha; migrate callers and delete old implementation together when moving main to this source. Keep responsibility in listed replacement.	benchmarks/package.dart
benchmarks/run.ps1	15142	5f35b6d162f7936f1fc54e41aa0a98532a434472	PowerShell	Runs foreground or background comparison workloads; drives input, samples resources, optionally captures ETW, validates work and retains reports.	Invoked by suite or directly through documented trace/package commands.	benchmarks/suite.ps1:16,19; benchmarks/README.md:81,83,103	False	No: legacy file is absent; responsibility has Dart/Rust replacement.	True	False	False	comparison execution	True	False	Not a fixture data file.	Already migrated/deleted on alpha; migrate callers and delete old implementation together when moving main to this source. Keep responsibility in listed replacement.	benchmarks/run.dart; benchmarks/driver/src/main.rs; benchmarks/driver/src/windows.rs
benchmarks/suite.ps1	1451	c869dded26181eb2a82db10b2c68c7654c3eeb36	PowerShell	Rotates implementation order across repeated idle, scroll, cell and burst workloads, retaining correctness failures.	Documented manual benchmark suite.	benchmarks/README.md:21,46,53,67	False	No: legacy file is absent; responsibility has Dart/Rust replacement.	True	False	False	comparison orchestration	True	False	Not a fixture data file.	Already migrated/deleted on alpha; migrate callers and delete old implementation together when moving main to this source. Keep responsibility in listed replacement.	benchmarks/suite.dart
benchmarks/summarize-pair.ps1	4032	bba58704018701667cb5a92d3bf914cab91651c7	PowerShell	Runs analysis over repetitions/retries and summarizes correctness, cadence, CPU, memory and per-run histograms.	Documented manual series summary.	benchmarks/README.md:47,68	False	No: legacy file is absent; responsibility has Dart/Rust replacement.	True	False	False	comparison analysis	True	False	Not a fixture data file.	Already migrated/deleted on alpha; migrate callers and delete old implementation together when moving main to this source. Keep responsibility in listed replacement.	benchmarks/summarize_pair.dart
benchmarks/test-analysis.ps1	4248	26df23d9a0dfe925172321b32347c1db76702031	PowerShell	Creates synthetic benchmark/ETW data and checks filtering, dropped frames, warmup exclusion, reliability and extra-input accounting.	Documented manual regression test; invokes analyze.ps1.	benchmarks/README.md:23,97	False	No: legacy file is absent; responsibility has Dart/Rust replacement.	True	False	False	comparison test with synthetic fixtures	True	False	Maintained test/builder with synthetic or generated test inputs; not a generated source artifact.	Already migrated/deleted on alpha; migrate callers and delete old implementation together when moving main to this source. Keep responsibility in listed replacement.	benchmarks/analysis_test.dart
benchmarks/test-input-analysis.ps1	4148	fe05411eed74f8fe355121fac23ea162cd693d8f	PowerShell	Creates Rust/Dart trace fixtures and verifies first-gap attribution, revision correlation and acknowledgement gaps.	Documented manual regression test; invokes analyze-input.ps1.	benchmarks/README.md:96	False	No: legacy file is absent; responsibility has Dart/Rust replacement.	True	False	False	comparison test with synthetic fixtures	True	False	Maintained test/builder with synthetic or generated test inputs; not a generated source artifact.	Already migrated/deleted on alpha; migrate callers and delete old implementation together when moving main to this source. Keep responsibility in listed replacement.	benchmarks/analysis_test.dart
benchmarks/windows.cs	11910	693e3dd3ad7b55ccc381f2a582e16ae890d16807	C#	P/Invoke helper for benchmark process launch, HWND discovery, DPI, input injection, focus guards, timers, screenshots and closure; also reused by Watchlist tests.	Compiled and loaded with Add-Type by benchmark runner and Watchlist probe.	benchmarks/run.ps1:17; tool/windows/watchlist_probe.ps1:4	False	No: legacy file is absent; responsibility has Dart/Rust replacement.	True	False	False	comparison and SDK test OS helper	True	False	Maintained test/builder with synthetic or generated test inputs; not a generated source artifact.	Already migrated/deleted on alpha; migrate callers and delete old implementation together when moving main to this source. Keep responsibility in listed replacement.	benchmarks/driver/src/windows.rs; tool/windows/native/src/platform.rs
tool/accessibility/cache_events.py	3259	591b25607ac49e80333f578257aab11527f7148f	Python	Observes owned-PID AT-SPI D-Bus cache add/remove signals, checks tuple signatures, and enforces readiness/deadlines.	Launched by the Dart cache observer used in Linux accessibility controls checks.	tool/accessibility/cache_events.dart:16; .github/workflows/accessibility.yml (Linux controls command)	False	No: legacy file is absent; responsibility has Dart/Rust replacement.	True	False	False	SDK accessibility OS helper	False	False	Not a fixture data file.	Already migrated/deleted on alpha; migrate callers and delete old implementation together when moving main to this source. Keep responsibility in listed replacement.	tool/native_probe/src/linux/cache.rs; tool/accessibility/cache_events.dart
tool/accessibility/linux.py	6322	c6d7d824dccb737fa1e87b01d48852e370418667	Python	External AT-SPI tree/action client for an owned process, including bounded tree traversal and stale-query retry signaling.	Launched by platformQuery on Linux; accessibility workflow runs its Dart callers.	tool/accessibility/client.dart:33; .github/workflows/accessibility.yml (Linux probe commands)	False	No: legacy file is absent; responsibility has Dart/Rust replacement.	True	False	False	SDK accessibility OS helper	False	False	Not a fixture data file.	Already migrated/deleted on alpha; migrate callers and delete old implementation together when moving main to this source. Keep responsibility in listed replacement.	tool/native_probe/src/linux.rs; tool/accessibility/client.dart
tool/accessibility/macos.swift	6977	7737b3f759a71572c431d3f71ff8db22470d6f52	Swift	External AXUIElement tree/action client with trust checks, bounded traversal, hover/focus/value actions and stale-query restarts.	Compiled by accessibility workflow to ax-probe; Dart platformQuery executes that binary on macOS.	.github/workflows/accessibility.yml:74; tool/accessibility/client.dart:36,37	False	No: legacy file is absent; responsibility has Dart/Rust replacement.	True	False	False	SDK accessibility OS helper	False	False	Not a fixture data file.	Already migrated/deleted on alpha; migrate callers and delete old implementation together when moving main to this source. Keep responsibility in listed replacement.	tool/native_probe/src/macos.rs; tool/accessibility/client.dart
tool/accessibility/windows.ps1	6704	0aba97142f1fc1399c1172f44f280f8322a8741d	PowerShell	External UI Automation client for trees and actions, loading native description and pointer helpers.	Launched by platformQuery on Windows; accessibility workflow runs its Dart callers.	tool/accessibility/client.dart:21; .github/workflows/accessibility.yml (Windows probe commands)	False	No: legacy file is absent; responsibility has Dart/Rust replacement.	True	False	False	SDK accessibility OS helper	False	False	Not a fixture data file.	Already migrated/deleted on alpha; migrate callers and delete old implementation together when moving main to this source. Keep responsibility in listed replacement.	tool/native_probe/src/windows.rs; tool/accessibility/client.dart
tool/accessibility/windows_description.cs	3505	d5c351f2306f30aa3a4c162ef8a715ac6e9b83b7	C#	Manual COM projection to read UIA FullDescription property missing from the .NET Framework property registry.	Compiled and loaded with Add-Type for Windows UIA tree queries.	tool/accessibility/windows.ps1:56	False	No: legacy file is absent; responsibility has Dart/Rust replacement.	True	False	False	SDK accessibility OS helper	False	False	Not a fixture data file.	Already migrated/deleted on alpha; migrate callers and delete old implementation together when moving main to this source. Keep responsibility in listed replacement.	tool/native_probe/src/windows.rs
tool/accessibility/windows_pointer.cs	851	0add612d15ebccc5f9af3acc1d26369e99fb2154	C#	P/Invoke declarations for physical pointer position and foreground-process inspection/control.	Compiled and loaded with Add-Type by Windows UIA probe.	tool/accessibility/windows.ps1:11	False	No: legacy file is absent; responsibility has Dart/Rust replacement.	True	False	False	SDK accessibility OS helper	False	False	Not a fixture data file.	Already migrated/deleted on alpha; migrate callers and delete old implementation together when moving main to this source. Keep responsibility in listed replacement.	tool/native_probe/src/windows.rs
tool/build.ps1	395	fc52184e4b66b47dd23a0d2d675c5ec2f73755b5	PowerShell	Loads local toolchain environment, builds gpuidart with Cargo, and resolves Dart dependencies.	Direct Windows build implementation called by Dart buildNative and packaging; documented command.	tool/src/commands.dart:34-39; tool/package.ps1:12; README.md:28	False	No: legacy file is absent; responsibility has Dart/Rust replacement.	True	False	False	SDK build tooling	False	False	Not a fixture data file.	Already migrated/deleted on alpha; migrate callers and delete old implementation together when moving main to this source. Keep responsibility in listed replacement.	tool/build.dart; tool/src/commands.dart; tool/src/toolchain.dart
tool/build_test_fixtures.ps1	320	84ccc5cceb187e1081f3436f5d81607e3a50e114	PowerShell	Compiles test/fixtures/fault_host.rs into the Windows fault-host DLL.	Standalone legacy wrapper; no direct source/workflow caller found. Main tool/check.dart already compiles the fixture directly with rustc.	docs/cross-platform.md:26; tool/check.dart:57-67 (direct rustc replacement already on main)	False	No: legacy file is absent; responsibility has Dart/Rust replacement.	True	False	False	SDK fixture builder	False	False	Maintained test/builder with synthetic or generated test inputs; not a generated source artifact.	Already migrated/deleted on alpha; migrate callers and delete old implementation together when moving main to this source. Keep responsibility in listed replacement.	tool/build_test_fixtures.dart; tool/check.dart
tool/check.ps1	271	677501cebb285acaca59b3691d0f12bf21837359	PowerShell	Loads Windows toolchain environment and delegates the full/headless SDK gate to tool/check.dart.	Invoked by Windows check workflow, local MVP gate and documented developer command.	.github/workflows/check.yml:41; tool/verify_mvp.ps1:29; README.md:118	False	No: legacy file is absent; responsibility has Dart/Rust replacement.	True	False	False	SDK check wrapper	False	False	Not a fixture data file.	Already migrated/deleted on alpha; migrate callers and delete old implementation together when moving main to this source. Keep responsibility in listed replacement.	tool/check.dart
tool/env.ps1	1221	59f899d42bb0c13e0cd9ef25cce06cd28cb9edeb	PowerShell	Configures locally provisioned Cargo/Rustup and MSVC/Windows SDK paths, headers, libraries and linker environment.	Dot-sourced by build/check/package/fixture scripts and benchmark builds; documented shell setup.	tool/build.ps1:2; tool/check.ps1:2; tool/package.ps1:7; benchmarks/build.ps1:4	False	No: legacy file is absent; responsibility has Dart/Rust replacement.	True	False	False	SDK toolchain environment	False	False	Not a fixture data file.	Already migrated/deleted on alpha; migrate callers and delete old implementation together when moving main to this source. Keep responsibility in listed replacement.	tool/env.dart; tool/src/toolchain.dart
tool/package.ps1	9141	2fafc561c11b9bc10beb6816dc466386e951ca06	PowerShell	Builds Windows AOT ZIP, embeds DPI manifest, stages runtime/license/verifier files, and records source/payload hashes.	Called by Dart Windows package entry point, local MVP gate and negative-package checks.	tool/package.dart:30; tool/verify_mvp.ps1:35; tool/verify_package_failures.ps1:50	False	No: legacy file is absent; responsibility has Dart/Rust replacement.	True	False	False	SDK packaging	False	False	Not a fixture data file.	Already migrated/deleted on alpha; migrate callers and delete old implementation together when moving main to this source. Keep responsibility in listed replacement.	tool/package.dart; tool/src/windows_package.dart; tool/src/package_manifest.dart
tool/platform_probe/metal.swift	660	b05af9fa783190fd5e4274c696b08386f5b42060	Swift	Enumerates default/all Metal devices and reports name, registry ID, power and unified-memory fields.	Executed by platform probe and platform-environment capture on macOS.	tool/platform_probe/run.dart:148; tool/record_platform_environment.dart:37	False	No: legacy file is absent; responsibility has Dart/Rust replacement.	True	False	False	SDK platform OS helper	False	False	Not a fixture data file.	Already migrated/deleted on alpha; migrate callers and delete old implementation together when moving main to this source. Keep responsibility in listed replacement.	tool/native_probe/src/macos.rs; tool/native_probe/src/main.rs
tool/prepare_windows_release_checks.ps1	3255	6f2379b697848771aec6f1ee53b14f246b122e37	PowerShell	Prepares candidate ZIP identity, Sandbox input/results folders and .wsb configuration with guest verifier entry point.	Documented manual setup and invoked by the Windows preparation test.	docs/windows-test-setup.md:7,14; test/windows_preparation_test.dart:21	False	No: legacy file is absent; responsibility has Dart/Rust replacement.	True	False	False	SDK release preparation	False	False	Not a fixture data file.	Already migrated/deleted on alpha; migrate callers and delete old implementation together when moving main to this source. Keep responsibility in listed replacement.	tool/prepare_windows_release_checks.dart; tool/windows/native/src/platform.rs
tool/verify_mvp.ps1	6051	58840cb797433f74a8460e9e45f5f73614fb2d1a	PowerShell	Runs nine local release-candidate gates with timeouts and retained logs; verifies package/source identity and records external checks separately.	Documented manual full local gate; not the hosted headless gate.	README.md:13; docs/ci.md:24; docs/mvp.md:44	False	No: legacy file is absent; responsibility has Dart/Rust replacement.	True	False	False	SDK release acceptance orchestration	False	False	Not a fixture data file.	Already migrated/deleted on alpha; migrate callers and delete old implementation together when moving main to this source. Keep responsibility in listed replacement.	tool/verify_mvp.dart
tool/verify_package.ps1	977	50e279a0ef0f6e3206e4e710ff7fc335fa3a0f05	PowerShell	Extracts a Windows ZIP outside the repository and runs its packaged PowerShell verifier.	Invoked by Dart verifier on Windows and the MVP gate; documented command.	tool/verify_package.dart:28; tool/verify_mvp.ps1:36; docs/sdk.md:119	False	No: legacy file is absent; responsibility has Dart/Rust replacement.	True	False	False	SDK package verification orchestration	False	False	Not a fixture data file.	Already migrated/deleted on alpha; migrate callers and delete old implementation together when moving main to this source. Keep responsibility in listed replacement.	tool/verify_package.dart; tool/windows/verify.dart
tool/verify_package_failures.ps1	4271	350269dc4773b16a7001451990f7128fb8ba4324	PowerShell	Checks tampered-payload rejection, missing self-test success, stale-result replacement, custom-entry provenance and UTF-8 preservation.	Invoked by the local MVP gate; creates temporary test app and altered package fixtures.	tool/verify_mvp.ps1:37	False	No: legacy file is absent; responsibility has Dart/Rust replacement.	True	False	False	SDK regression test with generated fixtures	False	False	Maintained test/builder with synthetic or generated test inputs; not a generated source artifact.	Already migrated/deleted on alpha; migrate callers and delete old implementation together when moving main to this source. Keep responsibility in listed replacement.	tool/verify_package_failures.dart
tool/verify_windows_prerequisites.ps1	5526	45cac43ef07b4d2755a2ce6c8d115ca7e8ac4ca7	PowerShell	Checks Windows setup inspection, capability state classification, restart/network reporting and preservation of earlier reports.	Standalone manual regression entry point; no direct tracked source/workflow caller found.	self-contained main program; tool/windows/enable_release_checks.ps1 and reports/mvp/prerequisites/japanese-install-pending.json are its inputs	False	No: legacy file is absent; responsibility has Dart/Rust replacement.	True	False	False	SDK setup regression test	False	False	Maintained test/builder with synthetic or generated test inputs; not a generated source artifact.	Already migrated/deleted on alpha; migrate callers and delete old implementation together when moving main to this source. Keep responsibility in listed replacement.	tool/verify_windows_prerequisites.dart
tool/windows/capability_state.ps1	537	55e9665b8bf1733bf2ad9d4a4830cde5136f033f	PowerShell	Classifies installed, pending-restart, missing and partial Windows capability states.	Dot-sourced by setup implementation and its regression checker.	tool/windows/enable_release_checks.ps1:8; tool/verify_windows_prerequisites.ps1:4	False	No: legacy file is absent; responsibility has Dart/Rust replacement.	True	False	False	SDK setup helper	False	False	Not a fixture data file.	Already migrated/deleted on alpha; migrate callers and delete old implementation together when moving main to this source. Keep responsibility in listed replacement.	tool/windows/capability_state.dart
tool/windows/enable_release_checks.ps1	10953	9ee3a14a439aa7f9cfc5708e5f9883a83afc6fd4	PowerShell	Inspects or installs Windows Sandbox and Japanese language/font prerequisites, preserving reports and distinguishing pending restarts.	Documented user-invoked setup; CheckOnly exercised by prerequisite regression script. Installation requires explicit options/admin.	docs/windows-test-setup.md:33,48,59; tool/verify_windows_prerequisites.ps1:3	False	No: legacy file is absent; responsibility has Dart/Rust replacement.	True	False	False	SDK optional host setup	False	False	Not a fixture data file.	Already migrated/deleted on alpha; migrate callers and delete old implementation together when moving main to this source. Keep responsibility in listed replacement.	tool/windows/enable_release_checks.dart; tool/windows/native/src/platform.rs
tool/windows/sandbox_release_check.ps1	4100	35681c531cd838d3410cfd93b926afaf07bb7ea5	PowerShell	Runs inside distinct Windows Sandbox guest, verifies candidate identity and missing SDKs, extracts package, and captures packaged verifier status.	Copied by preparation script; .wsb LogonCommand executes it in the guest.	tool/prepare_windows_release_checks.ps1:15,40	False	No: legacy file is absent; responsibility has Dart/Rust replacement.	True	False	False	SDK clean-guest release runner	False	False	Not a fixture data file.	Already migrated/deleted on alpha; migrate callers and delete old implementation together when moving main to this source. Keep responsibility in listed replacement.	tool/windows/sandbox_release_check.dart; tool/prepare_windows_release_checks.dart; tool/windows/native/src/platform.rs
tool/windows/verify.ps1	5228	fc804c427102d4985627caf6faf2c9e73ed3c53d	PowerShell	Shipped Windows package verifier: checks hashes, isolated AOT launch, sibling DLLs, Common Controls v6, DPI awareness and self-test result.	Copied into Windows packages and executed by extracted-package, Sandbox and negative-package checks; includes inline C# P/Invoke code.	tool/package.ps1:51,80; tool/verify_package.ps1:14; tool/windows/sandbox_release_check.ps1:42; tool/verify_package_failures.ps1:15	False	No: legacy file is absent; responsibility has Dart/Rust replacement.	True	False	False	SDK shipped release verifier	False	False	Not a fixture data file.	Already migrated/deleted on alpha; migrate callers and delete old implementation together when moving main to this source. Keep responsibility in listed replacement.	tool/windows/verify.dart; tool/windows/native/src/platform.rs; tool/src/windows_package.dart
tool/windows/watchlist_probe.ps1	7524	732d156b7a9f6c7c278f965552eabf58d46da09e	PowerShell	Drives owned Watchlist window keyboard/mouse/Unicode/resize/scroll/capture/close actions using C# Win32 helpers.	Launched by development-launcher, Watchlist UI and stability verifiers; loads benchmarks/windows.cs and inline C#.	tool/verify_dev_launcher.dart:76; tool/verify_watchlist_ui.dart:21; tool/verify_watchlist_stability.dart:22	False	No: legacy file is absent; responsibility has Dart/Rust replacement.	True	False	False	SDK interaction test OS helper	False	False	Maintained test/builder with synthetic or generated test inputs; not a generated source artifact.	Already migrated/deleted on alpha; migrate callers and delete old implementation together when moving main to this source. Keep responsibility in listed replacement.	tool/src/windows_tool.dart; tool/windows/native/src/platform.rs
