"path"	"language"	"bytes"	"blob"
"benchmarks/analyze.ps1"	"PowerShell"	"7676"	"a8d5b5e16ade02006e730a73b3d988f3031a1c97"
"benchmarks/analyze-input.ps1"	"PowerShell"	"4563"	"f875e4db30b8a995e25bfd9a79b29e4eddf94894"
"benchmarks/build.ps1"	"PowerShell"	"1592"	"333d318e7e5e8d2a0c2e09331aa0f30fefa43a30"
"benchmarks/build-trace.ps1"	"PowerShell"	"1046"	"a423e21fce98006aef9d80aab1b4d1bdb572f98f"
"benchmarks/dart/main.dart"	"Dart"	"4034"	"a95886b6f036e4765ef37101a330254f3a5be275"
"benchmarks/install-presentmon.ps1"	"PowerShell"	"630"	"daa9c6c602b88a6b08705b460e22bfa8ffb7b73c"
"benchmarks/native/src/input_trace.rs"	"Rust"	"1672"	"15d0af4413f3e61ca1e0f18790b5144bd3555825"
"benchmarks/native/src/main.rs"	"Rust"	"8028"	"891ede6ec9c4d402a8029211356bcf4e875666b5"
"benchmarks/package.ps1"	"PowerShell"	"3868"	"0ae674136d8e8f1286c5f5442a214744cc904f51"
"benchmarks/run.ps1"	"PowerShell"	"15142"	"5f35b6d162f7936f1fc54e41aa0a98532a434472"
"benchmarks/shell/main.js"	"JavaScript"	"2496"	"5b44c78bd3d16b17c116e4bf830224acd7dd6656"
"benchmarks/solid/app.tsx"	"TypeScript"	"3881"	"68db1c6c9eea52824676b7f41327e68da8fd804a"
"benchmarks/solid/build.ts"	"TypeScript"	"503"	"e717a89fa334629a82a55d356ce396d8bc0bef49"
"benchmarks/solid/main.ts"	"TypeScript"	"178"	"22d60993fe935accf3e5d2c9746e40dcbd33c241"
"benchmarks/suite.ps1"	"PowerShell"	"1451"	"c869dded26181eb2a82db10b2c68c7654c3eeb36"
"benchmarks/summarize-pair.ps1"	"PowerShell"	"4032"	"bba58704018701667cb5a92d3bf914cab91651c7"
"benchmarks/test-analysis.ps1"	"PowerShell"	"4248"	"26df23d9a0dfe925172321b32347c1db76702031"
"benchmarks/test-input-analysis.ps1"	"PowerShell"	"4148"	"fe05411eed74f8fe355121fac23ea162cd693d8f"
"benchmarks/windows.cs"	"C#"	"11910"	"693e3dd3ad7b55ccc381f2a582e16ae890d16807"
"example/app.dart"	"Dart"	"834"	"40ed0a96f6b1aca071f21d04b6641751b198503f"
"example/main.dart"	"Dart"	"4938"	"fa9f45b2b7eb5231a83a1c191f1efe5b9dcb41a2"
"example/measure_data.dart"	"Dart"	"6364"	"6f9acb8030bb2585c4009bcb95621acd6e3c81ee"
"example/settings/app.dart"	"Dart"	"11808"	"63e37af64273f6d4a547dcc1f250c389bc572dc5"
"example/settings/main.dart"	"Dart"	"384"	"7dae2b2c232801372bf5826a13e728879595eba3"
"example/terminal/app.dart"	"Dart"	"15108"	"196ae77965c1b3266052c75e7fc4f9e6f50df024"
"example/terminal/main.dart"	"Dart"	"2883"	"0ae945b2c06ec59a129cf17d7135cc2536d83c50"
"example/watchlist/app.dart"	"Dart"	"9076"	"20acfa570c53080e3a8f9e245d2478638c12258c"
"example/watchlist/main.dart"	"Dart"	"9769"	"cc4db7dca3429d4d80aada191da986efc66dfc40"
"launcher/src/main.rs"	"Rust"	"2160"	"e9aec1467c3b33e4b47e7dfcec8d5f1646d4e65e"
"lib/development.dart"	"Dart"	"809"	"732fe2854e5b0782c029a0948eae08954ecb406f"
"lib/gpuidart.dart"	"Dart"	"616"	"2a744b2468255422c894f1c9028e0520a0087afb"
"lib/src/actions.dart"	"Dart"	"2391"	"948b7d4ec5d429dae6259397c499b3c2cf077bfc"
"lib/src/charts.dart"	"Dart"	"1729"	"c3b2a7489bdee43c42a3e765d5add86191110b9d"
"lib/src/companion.dart"	"Dart"	"2573"	"87e99eff761b71e48bd57cc2efa8b811eb3a6490"
"lib/src/dataset.dart"	"Dart"	"6113"	"174a2df0928c92154de379091b0a1c377050bdc4"
"lib/src/format.dart"	"Dart"	"1793"	"07d1e6b71862ed2feee9e726c392b900efa4e374"
"lib/src/host.dart"	"Dart"	"31375"	"b2f8b30b95f979f1b915888cbcfc877b0e392b12"
"lib/src/input_commands.dart"	"Dart"	"1965"	"337b4d5dc15ad175df08bcdf1467bd51408d8345"
"lib/src/input_state.dart"	"Dart"	"3414"	"fbc9fe31b8e459983712fc0dfb6933786bb40c72"
"lib/src/menus.dart"	"Dart"	"2291"	"48eeec0869a29b1e99b80e2f9153156dbe513363"
"lib/src/metrics.dart"	"Dart"	"2667"	"1a653debad04a1458821ea49b6e3d320ba967617"
"lib/src/native_event.dart"	"Dart"	"5490"	"1712b431475b590bd4ade41c730df893e907feb6"
"lib/src/nodes.dart"	"Dart"	"12797"	"10ab80a0a886e5dae1bf108929ca039e47b2806f"
"lib/src/platform.dart"	"Dart"	"1499"	"905c37eb07ac58c34ca474dc1ff4f835ae6813ed"
"lib/src/runtime_info.dart"	"Dart"	"1271"	"1f460cac622db0d2aa1a81c0b2085dd67cf74b9c"
"lib/src/semantics.dart"	"Dart"	"2256"	"68caf0b3b5f7a4f77c5dbf127ea03dfb2898e54d"
"lib/src/style.dart"	"Dart"	"4378"	"efc62d749315f627aa0fa740bbb318415ad67a17"
"lib/src/table_view.dart"	"Dart"	"1753"	"90976fb926ae23aa316c8df922b56efe04e93052"
"lib/src/theme.dart"	"Dart"	"1122"	"bcddd56d9d4e6922cf92f73b9231b2b1e6f0ed26"
"lib/src/trace_clock.dart"	"Dart"	"5526"	"7e4c570353576934560f1f58b0ba7a266aa35186"
"lib/src/tracing.dart"	"Dart"	"12747"	"e9746c2f745b2de591d3211fcbbfa4ebdcd8980b"
"lib/src/window_options.dart"	"Dart"	"692"	"da51dd04c968804dea6f4ded4c01471b20986a15"
"lib/src/windows.dart"	"Dart"	"978"	"2f4f512d087c99e14c4f91851efd7813874c141e"
"lib/tracing.dart"	"Dart"	"127"	"2da231c7318dd2a4f2ef09696ca82e29101f3b36"
"native/build.rs"	"Rust"	"400"	"98f53f453421a6214cefccdd4bd1a54c813c0ae0"
"native/include/gpuidart.h"	"C"	"1802"	"dabd21e1751673f2814fa51bc1d5b9bac02f1cf2"
"native/src/allocations.rs"	"Rust"	"1829"	"660749f7c7047324defb05978284873fb6919f1f"
"native/src/bin/snapshot_experiment.rs"	"Rust"	"164"	"ba325a5aec97c98fcb077f0c85aa8d4c03d344e0"
"native/src/boundary.rs"	"Rust"	"1113"	"262fff202fc2d6b17530b7fca247eb7180fa313d"
"native/src/clock.rs"	"Rust"	"1179"	"36f87900c3761ec4ebe140b3b02ce924d532a37e"
"native/src/companion.rs"	"Rust"	"15697"	"e051a2983a5d8fb9c1d0b8a1c75f3180fd91a91a"
"native/src/datasets.rs"	"Rust"	"11952"	"70f6838f2a02cfb86fcb487ec333ac60fecfb3cd"
"native/src/datasets/tests.rs"	"Rust"	"10445"	"721ec85138f01a8c4990f0888be9d29ee5f46e09"
"native/src/diagnostics.rs"	"Rust"	"7389"	"32aadb210a46e3de7052e6c6a1db5e3328494fd7"
"native/src/experiment.rs"	"Rust"	"3178"	"72056a372e4842c2d333b802a288e9cc36b532f0"
"native/src/experiment/model.rs"	"Rust"	"11377"	"1aaf0152a06c629d43f04764a8e825cfba0d7914"
"native/src/ffi_tests.rs"	"Rust"	"5084"	"586f34a4ff361e1686da7e4aad203bfc552e4c3a"
"native/src/heap_profile.rs"	"Rust"	"2378"	"53bee384dc5d56688fa8de20e915701c8d421bc7"
"native/src/input_control.rs"	"Rust"	"3803"	"7551dc2d82ce1bc0d6daa9299f95e743476506c7"
"native/src/lib.rs"	"Rust"	"14246"	"67c64ac12e10d607ef44e866c3cce32ad2e4dc73"
"native/src/paint_trace.rs"	"Rust"	"1850"	"6ce53fb09a62578b882ac6266fe684afbebc08ca"
"native/src/protocol.rs"	"Rust"	"62663"	"2af2a80417c538b5a3a956059ae4c8ab8e6bc9cd"
"native/src/protocol/charts.rs"	"Rust"	"1045"	"c0c216a1ec415e185d215d11f0e5dd2d33d8c50a"
"native/src/protocol/menus.rs"	"Rust"	"4118"	"f5bff359c39b6451abdada0f17466f7636b99943"
"native/src/protocol/navigation.rs"	"Rust"	"2611"	"73733f9eb125d352ea4cb5cb5de00c9aca9747f8"
"native/src/protocol/semantics.rs"	"Rust"	"5207"	"bec482f5a0f65dfa9fde42d9d2c51e70394958fa"
"native/src/protocol/theme.rs"	"Rust"	"2641"	"153b182287a0286a615fa140f26ca7260e211905"
"native/src/runtime_info.rs"	"Rust"	"9251"	"e59dfa77bcce3c6fc8987f804ec5d091b9aeb785"
"native/src/trace.rs"	"Rust"	"12065"	"7762ebd419776d9d95c11ee0912aa613233743a6"
"native/src/ui.rs"	"Rust"	"64757"	"760f8dfdd978a180236b0cd44db7ab0d6cf6280f"
"native/src/ui/charts.rs"	"Rust"	"10322"	"51aff46375b1a645b8ecd6c7cb779025f6d8222f"
"native/src/ui/charts_tests.rs"	"Rust"	"8297"	"e474e15f7813cbfc4d957f5772824c52b6c22088"
"native/src/ui/choices.rs"	"Rust"	"11943"	"5c3ed0529e3da88184455c9c33873983dfe1eec8"
"native/src/ui/control_root.rs"	"Rust"	"7310"	"0fa89de6c60b3541c1aef0e2a3a484be7c638986"
"native/src/ui/controls.rs"	"Rust"	"16450"	"4e31b1f7edf74a5843d998721652fa27c61a0bff"
"native/src/ui/controls_tests.rs"	"Rust"	"15777"	"c0039a4b5b38bfbd16a576d1cff9ef4bbb4998a7"
"native/src/ui/dialogs.rs"	"Rust"	"7857"	"d2de3458bec007b06ae60e8fa6ec4aeb0393dc08"
"native/src/ui/experiment.rs"	"Rust"	"15431"	"45db0b924d409a89e4f1b8d9c67ce150c73a2a8e"
"native/src/ui/experiment/frame.rs"	"Rust"	"4020"	"b107d9e618ea8250e44f5396e5df0472ddf1705f"
"native/src/ui/experiment/tests.rs"	"Rust"	"3213"	"717d73f2fd358d73bd29c02ec6e0d9ad0ce94ad7"
"native/src/ui/input_tests.rs"	"Rust"	"8311"	"90baf94e4cc49eecbacf561694edbe285db3da6d"
"native/src/ui/inputs.rs"	"Rust"	"4677"	"af5f660552bb5b6b3ced0c5cb9e1c6d2ae9a9596"
"native/src/ui/menus.rs"	"Rust"	"5667"	"0013cfa007967585efb7a7bf40eab60dc40f92cc"
"native/src/ui/menus_tests.rs"	"Rust"	"6505"	"9304660dbc414e5532e8e1bb1aa2a4ec6912192c"
"native/src/ui/radio_tests.rs"	"Rust"	"5974"	"5fcaf3fce3eb02c81e878724ca9d4f6777017c24"
"native/src/ui/row_menus.rs"	"Rust"	"8896"	"ddcc780bd0b9b7a8b0cc884e887ae65544590576"
"native/src/ui/row_menus/tests.rs"	"Rust"	"8165"	"9b1909be19e82d4b6481d9e3e6f826a78a5d8675"
"native/src/ui/semantics.rs"	"Rust"	"4140"	"9d46d3378559e694a5f5f0df0872377a539f1d19"
"native/src/ui/semantics_tests.rs"	"Rust"	"6452"	"787724a6b93f310199053bf2d67e540a2558a997"
"native/src/ui/slider.rs"	"Rust"	"2795"	"e48c176eba4e98bc654ad7e4333744b37cad0389"
"native/src/ui/tabs_tests.rs"	"Rust"	"5773"	"93c5acbe64a86cc3c7e4724cb9773ace4abb92fe"
"native/src/ui/tests.rs"	"Rust"	"52595"	"ba946eb11d9b19bd909b2d8eeddce02c9be8f1b1"
"native/src/ui/theming.rs"	"Rust"	"4036"	"bd0ecd0e30cf2277921e817cb4709bb8d6361a96"
"native/src/ui/tooltip_tests.rs"	"Rust"	"2099"	"a60a1788ed6a5ce906f9adcfab8b09f86c7de504"
"reports/ime/linux-japanese-20260926/drivers/guest-env.sh.txt"	"Shell"	"313"	"ac8bd04f66ee4e3df7c9047c98d77d4168462d8b"
"reports/ime/linux-japanese-20260926/drivers/run_jit.sh.txt"	"Shell"	"281"	"70c275032552e4229862641148c486fa70b81a81"
"reports/ime/linux-japanese-20260926/drivers/start-vm.sh.txt"	"Shell"	"497"	"c7adfc48608957e148cde8488b292f554f29632b"
"reports/ime/linux-japanese-20260926/drivers/verify-clean.sh.txt"	"Shell"	"1173"	"cafabdc1c7a1854ae12c8b291de13ec3c3d67eee"
"reports/ime/linux-japanese-20260926/drivers/verify-clean-v2.sh.txt"	"Shell"	"1212"	"a99d93ad8e8240bb50dc355b2913bdecb9bf52d7"
"test/action_test.dart"	"Dart"	"1062"	"3f5ce07cf2a1a63e1be18adf770a958c883ad1e6"
"test/chart_host_test.dart"	"Dart"	"1773"	"aae95b588039f2d258746368b111e5fe2c938d27"
"test/chart_test.dart"	"Dart"	"2195"	"8a59452ed78a696c0e6ffdb8d3a2af3e691eb3dc"
"test/companion_lifecycle_test.dart"	"Dart"	"1858"	"e930494e227de6009debb5482ee3fd8c93e311d3"
"test/controlled_input_test.dart"	"Dart"	"3990"	"8c494d7a841b8bc44af7771df9e39aa47358ac99"
"test/controls_test.dart"	"Dart"	"7310"	"dfbc4ead63c126e931a529be2f96d3ead1810297"
"test/dev_session_test.dart"	"Dart"	"2304"	"6b606a95d1e42395558f836bd0ad53f783fd64d2"
"test/format_test.dart"	"Dart"	"2186"	"55cea89f2754a04e3481eefe65f203792e1afca7"
"test/host_fault_test.dart"	"Dart"	"6163"	"62cc4c906f45ff071097f182e66e28e4d5b6c758"
"test/input_state_test.dart"	"Dart"	"3400"	"3216d5c441ad9be51e12b532069899d4b6e1f069"
"test/menus_host_test.dart"	"Dart"	"1748"	"e87711d6e637f820d49d90802deb4346484a0a81"
"test/menus_test.dart"	"Dart"	"1525"	"be08f127d6951dc86296dfe96c7316fa6ca2441e"
"test/model_test.dart"	"Dart"	"2210"	"a24af415a192ad4a1bc4e5eda4eb9cba0da8d578"
"test/native_event_test.dart"	"Dart"	"3366"	"a8092f33e3ea257d6459559991f9f4faa65e80f8"
"test/native_host_test.dart"	"Dart"	"9153"	"8e5be1913512f2507456ed1841ef2539a1a31fd1"
"test/native_trace_test.dart"	"Dart"	"6456"	"933987c0dde5d71ff5aa5bac0c4fa78f48f51caf"
"test/owned_process_test.dart"	"Dart"	"1744"	"52a551dd5dd5294e69d03d9f82dd9db5cf320de3"
"test/radio_host_test.dart"	"Dart"	"1680"	"640139554aacab807507c502bb970b73bcaf94e1"
"test/radio_test.dart"	"Dart"	"2479"	"0a599233d16973b85bf6e71bd28e294a9c7e739d"
"test/row_menu_host_test.dart"	"Dart"	"1953"	"fa90f5fccb73eb824686671cf682f30a34a83481"
"test/row_menu_test.dart"	"Dart"	"1407"	"b11cb6126d60075c36c7032737e9020bd9256a0b"
"test/semantics_test.dart"	"Dart"	"2923"	"423e05ba1bdbe5980d7e8bafe691aa0b2f1d29a8"
"test/style_test.dart"	"Dart"	"2858"	"3157c242c00ba5256902c074275392190f6f570d"
"test/table_view_test.dart"	"Dart"	"2409"	"8caf648099ae91d768990326635360543ae7718d"
"test/tabs_host_test.dart"	"Dart"	"1724"	"2ba27fb4f0b3472f1558c8695be7a162997de11d"
"test/tabs_test.dart"	"Dart"	"2355"	"a148b93ea4d11efb942f26fd5b43e86c2444fbaa"
"test/theme_host_test.dart"	"Dart"	"1431"	"c300d14975ad4114c2c379de130a370b0300d6a2"
"test/theme_test.dart"	"Dart"	"966"	"837627a0813fbbaf39aa960b95390490417424c6"
"test/tooltip_test.dart"	"Dart"	"751"	"a795b63edd18c3c6878efc6cbbe3c74b0c6db723"
"test/tracing_test.dart"	"Dart"	"2212"	"8ece1f1ee9f583b9e8665fd555fa43d8ee75faec"
"test/windows_preparation_test.dart"	"Dart"	"1506"	"f0b684cad88b0b7d5da41da724b6eac17eddffd3"
"tool/accessibility/cache_events.dart"	"Dart"	"2154"	"dcacedd6e22d2d10c3596d3d734e9e31f509330f"
"tool/accessibility/cache_events.py"	"Python"	"3259"	"591b25607ac49e80333f578257aab11527f7148f"
"tool/accessibility/client.dart"	"Dart"	"3243"	"736ad8ffb1086f6bf7a9f5700aa87124ac7055ed"
"tool/accessibility/controls.dart"	"Dart"	"7463"	"47e09d94ee1a974d63a0be14d559af7b31513019"
"tool/accessibility/disabled.dart"	"Dart"	"4181"	"8c4ad65caddff31c7b0b28f83ccb2e5862c06f9a"
"tool/accessibility/linux.py"	"Python"	"6322"	"c6d7d824dccb737fa1e87b01d48852e370418667"
"tool/accessibility/macos.swift"	"Swift"	"6977"	"7737b3f759a71572c431d3f71ff8db22470d6f52"
"tool/accessibility/probe.dart"	"Dart"	"2227"	"ec41980cfcfa2595c58b933319014e0363bff7fe"
"tool/accessibility/settings_track.dart"	"Dart"	"3602"	"238022d18247551ac8dca3eee7f495505e2d09f4"
"tool/accessibility/terminal_track.dart"	"Dart"	"6301"	"afc80659c9c36cc3c4e59dbd1ec235faadd04e6b"
"tool/accessibility/verify_vendor.dart"	"Dart"	"1804"	"57f2499710efb912b42b7fd4bb4771361b347de3"
"tool/accessibility/watchlist.dart"	"Dart"	"6290"	"74d3938dace6b65e965d6b45adadb3805729726f"
"tool/accessibility/windows.ps1"	"PowerShell"	"6704"	"0aba97142f1fc1399c1172f44f280f8322a8741d"
"tool/accessibility/windows_description.cs"	"C#"	"3505"	"d5c351f2306f30aa3a4c162ef8a715ac6e9b83b7"
"tool/accessibility/windows_pointer.cs"	"C#"	"851"	"0add612d15ebccc5f9af3acc1d26369e99fb2154"
"tool/build.dart"	"Dart"	"257"	"bab3f934cbc58b43620bf985f5385c30ca4f3505"
"tool/build.ps1"	"PowerShell"	"395"	"fc52184e4b66b47dd23a0d2d675c5ec2f73755b5"
"tool/build_test_fixtures.ps1"	"PowerShell"	"320"	"84ccc5cceb187e1081f3436f5d81607e3a50e114"
"tool/capture_host_baseline.dart"	"Dart"	"2485"	"38642995681af78bc8528f24c3dfc8ab311e232b"
"tool/capture_publication_trace.dart"	"Dart"	"2825"	"573ee5bc131474a3737e88500d03a21f073d47a1"
"tool/check.dart"	"Dart"	"1852"	"7d088663922c51939169a664447e571c21700f2d"
"tool/check.ps1"	"PowerShell"	"271"	"677501cebb285acaca59b3691d0f12bf21837359"
"tool/dev.dart"	"Dart"	"2027"	"f5d97880cd965ab976cd3bc0943b41c73d71fde3"
"tool/env.ps1"	"PowerShell"	"1221"	"59f899d42bb0c13e0cd9ef25cce06cd28cb9edeb"
"tool/measure_data.dart"	"Dart"	"4821"	"415758159ca1f92cca4fabbb1907a538cd5a9033"
"tool/package.dart"	"Dart"	"9421"	"5ebe3f8d889f2971c11b256a42d7c582b63159d8"
"tool/package.ps1"	"PowerShell"	"9141"	"2fafc561c11b9bc10beb6816dc466386e951ca06"
"tool/performance/capture_baseline.dart"	"Dart"	"5908"	"0c5d72455f9ef0c8eec6669baf1311d9759cf700"
"tool/performance/capture_encoding.dart"	"Dart"	"3998"	"69a38e412ffd91bc38c5c0b3459ab3048da730b6"
"tool/performance/capture_snapshot_gate.dart"	"Dart"	"4676"	"cf93696f4984cd35f91f00cc132de762d76f32b3"
"tool/performance/capture_strategy.dart"	"Dart"	"14539"	"67b9bd1d07e84282399e7d4243d3927c33ec0c99"
"tool/performance/experiment_diff.dart"	"Dart"	"2103"	"98b0c3535816d00912effcd5b49232aca5ca3a26"
"tool/performance/experiment_transport.dart"	"Dart"	"3348"	"c9da9ddf1c817fe7bc0aa79781a1f912a3c5ed59"
"tool/performance/run_baselines.dart"	"Dart"	"8489"	"976de9e4655af312ed5b75ffdcdc5b1f5adf0a81"
"tool/performance/run_encoding.dart"	"Dart"	"3626"	"ed989842dca1b767379ceb111e13d0e0cd217fe2"
"tool/performance/run_logged.dart"	"Dart"	"1668"	"c82905d592e85dd784d32d12381de55926a18bba"
"tool/performance/run_snapshot_gate.dart"	"Dart"	"4088"	"b0c6a1545b6975d5b21e0c182f07a1812b8a7045"
"tool/performance/run_strategies.dart"	"Dart"	"4728"	"900286ab89406716d42f27a639983f8252812d86"
"tool/performance/snapshot_fixture.dart"	"Dart"	"2371"	"f089896c0ec01636f00bf700b84bde0db259219f"
"tool/performance/summarize_baselines.dart"	"Dart"	"5033"	"b14f741d4c809da7559e9659e0ff9a75dc21816d"
"tool/performance/summarize_encoding.dart"	"Dart"	"2220"	"f378b488d6f70fff3971defb5d6427f8dd0c302a"
"tool/performance/summarize_snapshot_gate.dart"	"Dart"	"4623"	"9968fed3237fa737895e0b9cce8f0302ac4b3d1c"
"tool/performance/summarize_strategies.dart"	"Dart"	"5407"	"313682bae9046b4aac0bddaaa8f4812a2600bb01"
"tool/platform_probe/companion.dart"	"Dart"	"3961"	"2d029eea0afb0bb4882b7370fd92b003ad90f556"
"tool/platform_probe/metal.swift"	"Swift"	"660"	"b05af9fa783190fd5e4274c696b08386f5b42060"
"tool/platform_probe/native/build.rs"	"Rust"	"115"	"1653af59712c21921d1e720a20d944d6bb93f83d"
"tool/platform_probe/native/src/lib.rs"	"Rust"	"14061"	"0bc44fa796ea465c60ac2827e565e16b7ccac00d"
"tool/platform_probe/native/src/main.rs"	"Rust"	"610"	"f35b10c13f7782697c5272bd828cc228247c3a6e"
"tool/platform_probe/probe.dart"	"Dart"	"3995"	"8c599766526c4d7af7511206a994251423bbd889"
"tool/platform_probe/reload.dart"	"Dart"	"2796"	"5dc8a922f368518174d0bf5bfe14809ef06ad27f"
"tool/platform_probe/reload_ffi.dart"	"Dart"	"2207"	"d282c96f85ada5a91b50996c74ca3d30ba800591"
"tool/platform_probe/run.dart"	"Dart"	"9960"	"224cc0eece8c86d28858f7508f06934afbe75de7"
"tool/prepare_windows_release_checks.ps1"	"PowerShell"	"3255"	"6f2379b697848771aec6f1ee53b14f246b122e37"
"tool/record_platform_environment.dart"	"Dart"	"2623"	"a02d582d8c3f95bf3189fc125169bda13933808b"
"tool/run_host_baselines.dart"	"Dart"	"3656"	"443d241dc0d3e7a50d2dfcef33f59b74e1b4b1e9"
"tool/src/commands.dart"	"Dart"	"1464"	"f7fc287c30c7931d6c834532122d6321cab227a4"
"tool/src/dart_sdk.dart"	"Dart"	"181"	"f831cac97e7ae2b6a877434864eb8e1bf18bbb8f"
"tool/src/dev_session.dart"	"Dart"	"6476"	"5ccad6f59b6b43d97bca801b42139e6529e822a5"
"tool/src/owned_process.dart"	"Dart"	"2185"	"5cf01cc1e0a772a8409af65306acfa39f85428e7"
"tool/src/windows_powershell.dart"	"Dart"	"556"	"9a56d2b73d669e16d1f6ca615182773c6ddd1c40"
"tool/summarize.dart"	"Dart"	"7701"	"da19b8ff07a26e1fac0e135cdfbe79af8f018417"
"tool/unix/verify.dart"	"Dart"	"9383"	"9b7e4f6e24f8c27bc3b755dee7489e02427205ea"
"tool/verify_dev_failures.dart"	"Dart"	"2691"	"b8e8e9c144e2f857e7249d2bc2eb694782189782"
"tool/verify_dev_launcher.dart"	"Dart"	"3852"	"c28d2969f2a9dff69bc193583199adb36db82549"
"tool/verify_mvp.ps1"	"PowerShell"	"6051"	"58840cb797433f74a8460e9e45f5f73614fb2d1a"
"tool/verify_package.dart"	"Dart"	"2074"	"5c12edf5e32b10d5fa768c7d02241cc3953a04b2"
"tool/verify_package.ps1"	"PowerShell"	"977"	"50e279a0ef0f6e3206e4e710ff7fc335fa3a0f05"
"tool/verify_package_failures.ps1"	"PowerShell"	"4271"	"350269dc4773b16a7001451990f7128fb8ba4324"
"tool/verify_reload.dart"	"Dart"	"4100"	"858ddbcbbdca6965a5210ad222894bd2d23ddefe"
"tool/verify_settings.dart"	"Dart"	"9407"	"ebb50f2aa7e394f14de48ad949d1ca36e4934dd7"
"tool/verify_terminal.dart"	"Dart"	"9354"	"e8d8d126055f596959d3b76420aa60f40cad13b7"
"tool/verify_terminal_reload.dart"	"Dart"	"3773"	"0063ab7668f35731763f7666c1bc2b76af5a93c7"
"tool/verify_watchlist_reload.dart"	"Dart"	"8223"	"ddf34e59127b34a484dcb9cdce68964703605709"
"tool/verify_watchlist_stability.dart"	"Dart"	"4572"	"6bbf2d16a8d48205f81cec62a98841b98552f59f"
"tool/verify_watchlist_ui.dart"	"Dart"	"5862"	"8a6cf8ef345c4600ac4d7e9e5fc152994933da5e"
"tool/verify_windows_prerequisites.ps1"	"PowerShell"	"5526"	"45cac43ef07b4d2755a2ce6c8d115ca7e8ac4ca7"
"tool/verify_x11_display.dart"	"Dart"	"3092"	"a5912311fba600af9e008a1ea56124eaba2190be"
"tool/windows/capability_state.ps1"	"PowerShell"	"537"	"55e9665b8bf1733bf2ad9d4a4830cde5136f033f"
"tool/windows/enable_release_checks.ps1"	"PowerShell"	"10953"	"9ee3a14a439aa7f9cfc5708e5f9883a83afc6fd4"
"tool/windows/sandbox_release_check.ps1"	"PowerShell"	"4100"	"35681c531cd838d3410cfd93b926afaf07bb7ea5"
"tool/windows/verify.ps1"	"PowerShell"	"5228"	"fc804c427102d4985627caf6faf2c9e73ed3c53d"
"tool/windows/watchlist_probe.ps1"	"PowerShell"	"7524"	"732d156b7a9f6c7c278f965552eabf58d46da09e"
