present_count,present_start_qpc,present_end_qpc,statistics_known,displayed_present_count,displayed_refresh_count,sync_refresh_count,sync_qpc
1,3530638822657,3530639209637,0,0,0,0,0
2,3530639987387,3530639993595,1,1,8440761,8440761,3530639594052
3,3530672817563,3530672821658,1,2,8440765,8440765,3530640261189
4,3530679992065,3530679995693,1,3,8440962,8440962,3530673117699
5,3530680169122,3530680173247,1,3,8440962,8440962,3530673117699
6,3530680332037,3530680335100,1,4,8441005,8441005,3530680289457
7,3530680507397,3530680509776,1,5,8441006,8441006,3530680456243
8,3530680672102,3530680674568,1,6,8441007,8441007,3530680623031
9,3530680829515,3530680837932,1,7,8441008,8441008,3530680789813
10,3530681010921,3530681014328,1,8,8441009,8441009,3530680956603
11,3530681164426,3530681169712,1,9,8441010,8441010,3530681123402
12,3530681337991,3530681340951,1,10,8441011,8441011,3530681290185
13,3530681503537,3530681505781,1,11,8441012,8441012,3530681456966
14,3530681674357,3530681677388,1,12,8441013,8441013,3530681623747
15,3530681840421,3530681842724,1,13,8441014,8441014,3530681790534
16,3530682000625,3530682002812,1,14,8441015,8441015,3530681957319
17,3530682175759,3530682178625,1,15,8441016,8441016,3530682124096
18,3530682352505,3530682355360,1,16,8441017,8441017,3530682290873
19,3530682497620,3530682500462,1,17,8441018,8441018,3530682457664
20,3530682668794,3530682671383,1,18,8441019,8441019,3530682624443
21,3530682835411,3530682839538,1,19,8441020,8441020,3530682791219
22,3530683003258,3530683007276,1,20,8441021,8441021,3530682958011
23,3530683172649,3530683174675,1,21,8441022,8441022,3530683124800
24,3530683367635,3530683372602,1,22,8441023,8441023,3530683291576
25,3530683514759,3530683518245,1,23,8441024,8441024,3530683458364
26,3530683684798,3530683688087,1,24,8441025,8441025,3530683625144
27,3530683848525,3530683851688,1,25,8441026,8441026,3530683791925
28,3530684004710,3530684007761,1,26,8441027,8441027,3530683958708
29,3530684170359,3530684172657,1,27,8441028,8441028,3530684125490
30,3530684337541,3530684339895,1,28,8441029,8441029,3530684292268
31,3530684503992,3530684505660,1,29,8441030,8441030,3530684459046
32,3530684669685,3530684671943,1,30,8441031,8441031,3530684625832
33,3530684840738,3530684843148,1,31,8441032,8441032,3530684792628
34,3530685007555,3530685010269,1,32,8441033,8441033,3530684959428
35,3530685172943,3530685174741,1,33,8441034,8441034,3530685126223
36,3530685340889,3530685343252,1,34,8441035,8441035,3530685293015
37,3530685510137,3530685513543,1,35,8441036,8441036,3530685459795
38,3530685665501,3530685668982,1,36,8441037,8441037,3530685626583
39,3530685832852,3530685836442,1,37,8441038,8441038,3530685793368
40,3530686008034,3530686009965,1,38,8441039,8441039,3530685960154
41,3530686171073,3530686173019,1,39,8441040,8441040,3530686126946
42,3530686347813,3530686352979,1,40,8441041,8441041,3530686293735
43,3530686521867,3530686526435,1,41,8441042,8441042,3530686460513
44,3530686680794,3530686683300,1,42,8441043,8441043,3530686627292
45,3530686844253,3530686846817,1,43,8441044,8441044,3530686794070
46,3530687007853,3530687011898,1,44,8441045,8441045,3530686960848
47,3530687169264,3530687171281,1,45,8441046,8441046,3530687127629
48,3530687332561,3530687336292,1,46,8441047,8441047,3530687294407
49,3530687502275,3530687504754,1,47,8441048,8441048,3530687461187
50,3530687666261,3530687669598,1,48,8441049,8441049,3530687627968
51,3530687836369,3530687838448,1,49,8441050,8441050,3530687794761
52,3530688010650,3530688012615,1,50,8441051,8441051,3530687961546
53,3530688170081,3530688172098,1,51,8441052,8441052,3530688128333
54,3530688338807,3530688342470,1,52,8441053,8441053,3530688295114
55,3530688506444,3530688511583,1,53,8441054,8441054,3530688461900
56,3530688690075,3530688692555,1,54,8441055,8441055,3530688628694
57,3530688840516,3530688843659,1,55,8441056,8441056,3530688795472
58,3530689011784,3530689015657,1,56,8441057,8441057,3530688962256
59,3530689169865,3530689172255,1,57,8441058,8441058,3530689129038
60,3530689346050,3530689348364,1,58,8441059,8441059,3530689295819
61,3530689511222,3530689513984,1,59,8441060,8441060,3530689462603
62,3530689675379,3530689678679,1,60,8441061,8441061,3530689629386
63,3530689847192,3530689850352,1,61,8441062,8441062,3530689796180
64,3530690009585,3530690011974,1,62,8441063,8441063,3530689962966
65,3530690178926,3530690182990,1,63,8441064,8441064,3530690129754
66,3530690334627,3530690337161,1,64,8441065,8441065,3530690296543
67,3530690504450,3530690507262,1,65,8441066,8441066,3530690463338
68,3530690665508,3530690667532,1,66,8441067,8441067,3530690630129
69,3530690834414,3530690837212,1,67,8441068,8441068,3530690796911
70,3530691010364,3530691013619,1,68,8441069,8441069,3530690963700
71,3530691178340,3530691180886,1,69,8441070,8441070,3530691130498
72,3530691343224,3530691346550,1,70,8441071,8441071,3530691297287
73,3530691518606,3530691521654,1,71,8441072,8441072,3530691464075
74,3530691697914,3530691700133,1,72,8441073,8441073,3530691630863
75,3530691846007,3530691849217,1,73,8441074,8441074,3530691797640
76,3530692028492,3530692035558,1,74,8441075,8441075,3530691964430
77,3530692171020,3530692173282,1,75,8441076,8441076,3530692131209
78,3530692335676,3530692337976,1,76,8441077,8441077,3530692297989
79,3530692513321,3530692516214,1,77,8441078,8441078,3530692464768
80,3530692678217,3530692681280,1,78,8441079,8441079,3530692631548
81,3530692845298,3530692850858,1,79,8441080,8441080,3530692798331
82,3530693004676,3530693007117,1,80,8441081,8441081,3530692965118
83,3530693178137,3530693183200,1,81,8441082,8441082,3530693131904
84,3530693340992,3530693343736,1,82,8441083,8441083,3530693298688
85,3530693508134,3530693511493,1,83,8441084,8441084,3530693465478
86,3530693693817,3530693697127,1,84,8441085,8441085,3530693632264
87,3530693849492,3530693851960,1,85,8441086,8441086,3530693799051
88,3530694013579,3530694015786,1,86,8441087,8441087,3530693965835
89,3530694169774,3530694172206,1,87,8441088,8441088,3530694132621
90,3530694335475,3530694338189,1,88,8441089,8441089,3530694299397
91,3530694510787,3530694513435,1,89,8441090,8441090,3530694466185
92,3530694674489,3530694676949,1,90,8441091,8441091,3530694632969
93,3530694844908,3530694846960,1,91,8441092,8441092,3530694799760
94,3530695016732,3530695020075,1,92,8441093,8441093,3530694966541
95,3530695177950,3530695181022,1,93,8441094,8441094,3530695133319
96,3530695347302,3530695349479,1,94,8441095,8441095,3530695300103
97,3530695506298,3530695509086,1,95,8441096,8441096,3530695466884
98,3530695671033,3530695672812,1,96,8441097,8441097,3530695633670
99,3530695835919,3530695839377,1,97,8441098,8441098,3530695800457
100,3530696013415,3530696016549,1,98,8441099,8441099,3530695967244
101,3530696179998,3530696182349,1,99,8441100,8441100,3530696134031
102,3530696367292,3530696369157,1,100,8441101,8441101,3530696300814
103,3530696532590,3530696538555,1,101,8441102,8441102,3530696467598
104,3530696685386,3530696688043,1,102,8441103,8441103,3530696634375
105,3530696851008,3530696853702,1,103,8441104,8441104,3530696801156
106,3530697021571,3530697023930,1,104,8441105,8441105,3530696967935
107,3530697177185,3530697179406,1,105,8441106,8441106,3530697134714
108,3530697345333,3530697347265,1,106,8441107,8441107,3530697301497
109,3530697514904,3530697516804,1,107,8441108,8441108,3530697468279
110,3530697681164,3530697683109,1,108,8441109,8441109,3530697635063
111,3530697855439,3530697857354,1,109,8441110,8441110,3530697801841
112,3530698011438,3530698013508,1,110,8441111,8441111,3530697968622
113,3530698171663,3530698173534,1,111,8441112,8441112,3530698135402
114,3530698349356,3530698351083,1,112,8441113,8441113,3530698302183
115,3530698513511,3530698515611,1,113,8441114,8441114,3530698468960
116,3530698684046,3530698686358,1,114,8441115,8441115,3530698635746
117,3530698842878,3530698845377,1,115,8441116,8441116,3530698802522
118,3530699018673,3530699021236,1,116,8441117,8441117,3530698969300
119,3530699180986,3530699183738,1,117,8441118,8441118,3530699136092
120,3530699346319,3530699348456,1,118,8441119,8441119,3530699302878
121,3530699507595,3530699510022,1,119,8441120,8441120,3530699469664
122,3530699674599,3530699676499,1,120,8441121,8441121,3530699636452
123,3530699840479,3530699842301,1,121,8441122,8441122,3530699803237
124,3530700032072,3530700034523,1,122,8441123,8441123,3530699970027
125,3530700195651,3530700198476,1,123,8441124,8441124,3530700136817
126,3530700353540,3530700355585,1,124,8441125,8441125,3530700303594
127,3530700514422,3530700516276,1,125,8441126,8441126,3530700470370
128,3530700678420,3530700680635,1,126,8441127,8441127,3530700637153
129,3530700847111,3530700849796,1,127,8441128,8441128,3530700803932
130,3530701026377,3530701028552,1,128,8441129,8441129,3530700970708
131,3530701189436,3530701191571,1,129,8441130,8441130,3530701137487
132,3530701367166,3530701369952,1,130,8441131,8441131,3530701304265
133,3530701526372,3530701528179,1,131,8441132,8441132,3530701471043
134,3530701704390,3530701707068,1,132,8441133,8441133,3530701637821
135,3530701858153,3530701860145,1,133,8441134,8441134,3530701804606
136,3530702020499,3530702022739,1,134,8441135,8441135,3530701971383
137,3530702180500,3530702182295,1,135,8441136,8441136,3530702138161
138,3530702349236,3530702351707,1,136,8441137,8441137,3530702304942
139,3530702537399,3530702539801,1,137,8441138,8441138,3530702471720
140,3530702686892,3530702690788,1,138,8441139,8441139,3530702638497
141,3530702870703,3530702872779,1,139,8441140,8441140,3530702805281
142,3530703029285,3530703031495,1,140,8441141,8441141,3530702972060
143,3530703179950,3530703182138,1,141,8441142,8441142,3530703138836
144,3530703342877,3530703344732,1,142,8441143,8441143,3530703305614
145,3530703513528,3530703515931,1,143,8441144,8441144,3530703472392
146,3530703681759,3530703684121,1,144,8441145,8441145,3530703639187
147,3530703843236,3530703845666,1,145,8441146,8441146,3530703805966
148,3530704016272,3530704019020,1,146,8441147,8441147,3530703972752
149,3530704180624,3530704183143,1,147,8441148,8441148,3530704139535
150,3530704345477,3530704348277,1,148,8441149,8441149,3530704306312
151,3530704516931,3530704519932,1,149,8441150,8441150,3530704473089
152,3530704679720,3530704681338,1,150,8441151,8441151,3530704639865
153,3530704845184,3530704847197,1,151,8441152,8441152,3530704806641
154,3530705031698,3530705034541,1,152,8441153,8441153,3530704973417
155,3530705182315,3530705184570,1,153,8441154,8441154,3530705140198
156,3530705348938,3530705351413,1,154,8441155,8441155,3530705306978
157,3530705520806,3530705523141,1,155,8441156,8441156,3530705473754
158,3530705683412,3530705685662,1,156,8441157,8441157,3530705640532
159,3530705849349,3530705851150,1,157,8441158,8441158,3530705807313
160,3530706030264,3530706032790,1,158,8441159,8441159,3530705974106
161,3530706192017,3530706194865,1,159,8441160,8441160,3530706140884
162,3530706369522,3530706372593,1,160,8441161,8441161,3530706307659
163,3530706539944,3530706543111,1,161,8441162,8441162,3530706474436
164,3530706711409,3530706714797,1,162,8441163,8441163,3530706641217
165,3530706870216,3530706872492,1,163,8441164,8441164,3530706807995
166,3530707033324,3530707036093,1,164,8441165,8441165,3530706974774
167,3530707191143,3530707193371,1,165,8441166,8441166,3530707141552
168,3530707353997,3530707355961,1,166,8441167,8441167,3530707308328
169,3530707517186,3530707518997,1,167,8441168,8441168,3530707475104
170,3530707686864,3530707688927,1,168,8441169,8441169,3530707641886
171,3530707860970,3530707863371,1,169,8441170,8441170,3530707808667
172,3530708028160,3530708031091,1,170,8441171,8441171,3530707975462
173,3530708190613,3530708192432,1,171,8441172,8441172,3530708142237
174,3530708350515,3530708352394,1,172,8441173,8441173,3530708309015
175,3530708534093,3530708536474,1,173,8441174,8441174,3530708475795
176,3530708695702,3530708700073,1,174,8441175,8441175,3530708642575
177,3530708889645,3530708892433,1,175,8441176,8441176,3530708809358
178,3530709053152,3530709056317,1,176,8441177,8441177,3530708976144
179,3530709206853,3530709209752,1,177,8441178,8441178,3530709142921
180,3530709362897,3530709365167,1,178,8441179,8441179,3530709309701
181,3530709521293,3530709523386,1,179,8441180,8441180,3530709476479
182,3530709688307,3530709691007,1,180,8441181,8441181,3530709643260
183,3530709849474,3530709850980,1,181,8441182,8441182,3530709810055
184,3530710019361,3530710021295,1,182,8441183,8441183,3530709976841
185,3530710181780,3530710183423,1,183,8441184,8441184,3530710143621
186,3530710348916,3530710351002,1,184,8441185,8441185,3530710310406
187,3530710514713,3530710517176,1,185,8441186,8441186,3530710477186
188,3530710681884,3530710684470,1,186,8441187,8441187,3530710643968
189,3530710851916,3530710854408,1,187,8441188,8441188,3530710810748
190,3530711019900,3530711022758,1,188,8441189,8441189,3530710977529
191,3530711193263,3530711195542,1,189,8441190,8441190,3530711144310
192,3530711358725,3530711360932,1,190,8441191,8441191,3530711311096
193,3530711528675,3530711532813,1,191,8441192,8441192,3530711477873
194,3530711711852,3530711714924,1,192,8441193,8441193,3530711644652
195,3530711854684,3530711857124,1,193,8441194,8441194,3530711811428
196,3530712019782,3530712022269,1,194,8441195,8441195,3530711978208
197,3530712191932,3530712195051,1,195,8441196,8441196,3530712144989
198,3530712366739,3530712369237,1,196,8441197,8441197,3530712311773
199,3530712520243,3530712522577,1,197,8441198,8441198,3530712478562
200,3530712698600,3530712700688,1,198,8441199,8441199,3530712645339
201,3530712871976,3530712877963,1,199,8441200,8441200,3530712812117
202,3530713044080,3530713046719,1,200,8441201,8441201,3530712978898
203,3530713188256,3530713190780,1,201,8441202,8441202,3530713145677
204,3530713357600,3530713359660,1,202,8441203,8441203,3530713312459
205,3530713521015,3530713523153,1,203,8441204,8441204,3530713479236
206,3530713686475,3530713688891,1,204,8441205,8441205,3530713646013
207,3530713857681,3530713860338,1,205,8441206,8441206,3530713812788
208,3530714032678,3530714034604,1,206,8441207,8441207,3530713979566
209,3530714192501,3530714194550,1,207,8441208,8441208,3530714146342
210,3530714358931,3530714360896,1,208,8441209,8441209,3530714313121
211,3530714524263,3530714526306,1,209,8441210,8441210,3530714479899
212,3530714694946,3530714697149,1,210,8441211,8441211,3530714646678
213,3530714857997,3530714859923,1,211,8441212,8441212,3530714813456
214,3530715025655,3530715027710,1,212,8441213,8441213,3530714980235
215,3530715200890,3530715203799,1,213,8441214,8441214,3530715147019
216,3530715376143,3530715379041,1,214,8441215,8441215,3530715313800
217,3530715528745,3530715531756,1,215,8441216,8441216,3530715480584
218,3530715691393,3530715694326,1,216,8441217,8441217,3530715647366
219,3530715863835,3530715866217,1,217,8441218,8441218,3530715814154
220,3530716025195,3530716027472,1,218,8441219,8441219,3530715980934
221,3530716198580,3530716201036,1,219,8441220,8441220,3530716147711
222,3530716366156,3530716371644,1,220,8441221,8441221,3530716314498
223,3530716556033,3530716559614,1,221,8441222,8441222,3530716481278
224,3530716714986,3530716720260,1,222,8441223,8441223,3530716648059
225,3530716889250,3530716891980,1,223,8441224,8441224,3530716814838
226,3530717045225,3530717048105,1,224,8441225,8441225,3530716981616
227,3530717214639,3530717218418,1,225,8441226,8441226,3530717148399
228,3530717367546,3530717369759,1,226,8441227,8441227,3530717315178
229,3530717527029,3530717528966,1,227,8441228,8441228,3530717481956
230,3530717695443,3530717698162,1,228,8441229,8441229,3530717648736
231,3530717857351,3530717859610,1,229,8441230,8441230,3530717815514
232,3530718028217,3530718030253,1,230,8441231,8441231,3530717982295
233,3530718195407,3530718199340,1,231,8441232,8441232,3530718149074
234,3530718366201,3530718368712,1,232,8441233,8441233,3530718315859
235,3530718540546,3530718542936,1,233,8441234,8441234,3530718482645
236,3530718709240,3530718712399,1,234,8441235,8441235,3530718649423
237,3530718859534,3530718861535,1,235,8441236,8441236,3530718816210
238,3530719023840,3530719026394,1,236,8441237,8441237,3530718982992
239,3530719191478,3530719198217,1,237,8441238,8441238,3530719149771
240,3530719362202,3530719364556,1,238,8441239,8441239,3530719316554
241,3530719525399,3530719527864,1,239,8441240,8441240,3530719483333
242,3530719704466,3530719707657,1,240,8441241,8441241,3530719650119
243,3530719860065,3530719861691,1,241,8441242,8441242,3530719816898
244,3530720029984,3530720032405,1,242,8441243,8441243,3530719983678
245,3530720201830,3530720206804,1,243,8441244,8441244,3530720150457
246,3530720371695,3530720374807,1,244,8441245,8441245,3530720317240
247,3530720531703,3530720533870,1,245,8441246,8441246,3530720484025
248,3530720698117,3530720700658,1,246,8441247,8441247,3530720650805
249,3530720874190,3530720877225,1,247,8441248,8441248,3530720817590
250,3530721030425,3530721032820,1,248,8441249,8441249,3530720984375
251,3530721197889,3530721200090,1,249,8441250,8441250,3530721151161
252,3530721374194,3530721377081,1,250,8441251,8441251,3530721317946
253,3530721558051,3530721560633,1,251,8441252,8441252,3530721484732
254,3530721711661,3530721715623,1,252,8441253,8441253,3530721651512
255,3530721888520,3530721891563,1,253,8441254,8441254,3530721818292
256,3530722041678,3530722044005,1,254,8441255,8441255,3530721985078
257,3530722214661,3530722218639,1,255,8441256,8441256,3530722151857
258,3530722363746,3530722366483,1,256,8441257,8441257,3530722318639
259,3530722533353,3530722535487,1,257,8441258,8441258,3530722485428
260,3530722695251,3530722697221,1,258,8441259,8441259,3530722652214
261,3530722858072,3530722860604,1,259,8441260,8441260,3530722818999
262,3530723044161,3530723046237,1,260,8441261,8441261,3530722985779
263,3530723208374,3530723210528,1,261,8441262,8441262,3530723152563
264,3530723366794,3530723368680,1,262,8441263,8441263,3530723319351
265,3530723533742,3530723535696,1,263,8441264,8441264,3530723486132
266,3530723697376,3530723700078,1,264,8441265,8441265,3530723652919
267,3530723862570,3530723864539,1,265,8441266,8441266,3530723819709
268,3530724034527,3530724037173,1,266,8441267,8441267,3530723986489
269,3530724207184,3530724213368,1,267,8441268,8441268,3530724153271
270,3530724377343,3530724379736,1,268,8441269,8441269,3530724320051
271,3530724542063,3530724544844,1,269,8441270,8441270,3530724486843
272,3530724700929,3530724703179,1,270,8441271,8441271,3530724653626
273,3530724868449,3530724870610,1,271,8441272,8441272,3530724820404
274,3530725034391,3530725036460,1,272,8441273,8441273,3530724987185
275,3530725196953,3530725200009,1,273,8441274,8441274,3530725153970
276,3530725369133,3530725371195,1,274,8441275,8441275,3530725320749
277,3530725549681,3530725552981,1,275,8441276,8441276,3530725487527
278,3530725695279,3530725698547,1,276,8441277,8441277,3530725654316
279,3530725863702,3530725865836,1,277,8441278,8441278,3530725821112
280,3530726032320,3530726034813,1,278,8441279,8441279,3530725987891
281,3530726194099,3530726196499,1,279,8441280,8441280,3530726154677
282,3530726367476,3530726369307,1,280,8441281,8441281,3530726321455
283,3530726537746,3530726541842,1,281,8441282,8441282,3530726488235
284,3530726714348,3530726717272,1,282,8441283,8441283,3530726655015
285,3530726881484,3530726885865,1,283,8441284,8441284,3530726821797
286,3530727034355,3530727036272,1,284,8441285,8441285,3530726988575
287,3530727204757,3530727207127,1,285,8441286,8441286,3530727155356
288,3530727368811,3530727370786,1,286,8441287,8441287,3530727322138
289,3530727541840,3530727544844,1,287,8441288,8441288,3530727488925
290,3530727708774,3530727710710,1,288,8441289,8441289,3530727655714
291,3530727878231,3530727880684,1,289,8441290,8441290,3530727822501
292,3530728047027,3530728051123,1,290,8441291,8441291,3530727989288
293,3530728209248,3530728211713,1,291,8441292,8441292,3530728156069
294,3530728370260,3530728373189,1,292,8441293,8441293,3530728322855
295,3530728531447,3530728533699,1,293,8441294,8441294,3530728489639
296,3530728694555,3530728696781,1,294,8441295,8441295,3530728656425
297,3530728867338,3530728869462,1,295,8441296,8441296,3530728823212
298,3530729039605,3530729042848,1,296,8441297,8441297,3530728990007
299,3530729197982,3530729200679,1,297,8441298,8441298,3530729156793
300,3530729373082,3530729376126,1,298,8441299,8441299,3530729323575
301,3530729533277,3530729535604,1,299,8441300,8441300,3530729490356
302,3530729705782,3530729707750,1,300,8441301,8441301,3530729657138
303,3530729870855,3530729872658,1,301,8441302,8441302,3530729823921
304,3530730035643,3530730037394,1,302,8441303,8441303,3530729990700
305,3530730207270,3530730209090,1,303,8441304,8441304,3530730157483
306,3530730375290,3530730377015,1,304,8441305,8441305,3530730324267
307,3530730528671,3530730531325,1,305,8441306,8441306,3530730491051
308,3530730697306,3530730699187,1,306,8441307,8441307,3530730657835
309,3530730864387,3530730866141,1,307,8441308,8441308,3530730824621
310,3530731032157,3530731034812,1,308,8441309,8441309,3530730991408
311,3530731198045,3530731200081,1,309,8441310,8441310,3530731158194
312,3530731363324,3530731365165,1,310,8441311,8441311,3530731324982
313,3530731526793,3530731529186,1,311,8441312,8441312,3530731491763
314,3530731710020,3530731715271,1,312,8441313,8441313,3530731658546
315,3530731875753,3530731880051,1,313,8441314,8441314,3530731825328
316,3530732059512,3530732062529,1,314,8441315,8441315,3530731992112
317,3530732203056,3530732204888,1,315,8441316,8441316,3530732158893
318,3530732378502,3530732381314,1,316,8441317,8441317,3530732325677
319,3530732538334,3530732540596,1,317,8441318,8441318,3530732492465
320,3530732701911,3530732705790,1,318,8441319,8441319,3530732659246
321,3530732884949,3530732887562,1,319,8441320,8441320,3530732826040
322,3530733045990,3530733048913,1,320,8441321,8441321,3530732992826
323,3530733200983,3530733203399,1,321,8441322,8441322,3530733159613
324,3530733391231,3530733394101,1,322,8441323,8441323,3530733326402
325,3530733551113,3530733555392,1,323,8441324,8441324,3530733493187
326,3530733727579,3530733730717,1,324,8441325,8441325,3530733659973
327,3530733879741,3530733882757,1,325,8441326,8441326,3530733826762
328,3530734045263,3530734047457,1,326,8441327,8441327,3530733993544
329,3530734209743,3530734211834,1,327,8441328,8441328,3530734160327
330,3530734375805,3530734378559,1,328,8441329,8441329,3530734327108
331,3530734545456,3530734547700,1,329,8441330,8441330,3530734493887
332,3530734728436,3530734731341,1,330,8441331,8441331,3530734660673
333,3530734877111,3530734879944,1,331,8441332,8441332,3530734827454
334,3530735044709,3530735046962,1,332,8441333,8441333,3530734994235
335,3530735202076,3530735205276,1,333,8441334,8441334,3530735161016
336,3530735366658,3530735369051,1,334,8441335,8441335,3530735327798
337,3530735532973,3530735535334,1,335,8441336,8441336,3530735494581
338,3530735712220,3530735714510,1,336,8441337,8441337,3530735661368
339,3530735870569,3530735872393,1,337,8441338,8441338,3530735828153
340,3530736039573,3530736041902,1,338,8441339,8441339,3530735994941
341,3530736215561,3530736220176,1,339,8441340,8441340,3530736161728
342,3530736371795,3530736374260,1,340,8441341,8441341,3530736328514
343,3530736549827,3530736552134,1,341,8441342,8441342,3530736495310
344,3530736710238,3530736713312,1,342,8441343,8441343,3530736662099
345,3530736894035,3530736899122,1,343,8441344,8441344,3530736828887
346,3530737069001,3530737073232,1,344,8441345,8441345,3530736995669
347,3530737208957,3530737211315,1,345,8441346,8441346,3530737162456
348,3530737386615,3530737389660,1,346,8441347,8441347,3530737329248
349,3530737548039,3530737550473,1,347,8441348,8441348,3530737496039
350,3530737706905,3530737709671,1,348,8441349,8441349,3530737662824
351,3530737870406,3530737872230,1,349,8441350,8441350,3530737829604
352,3530738039216,3530738041049,1,350,8441351,8441351,3530737996388
353,3530738201369,3530738203470,1,351,8441352,8441352,3530738163176
354,3530738366853,3530738369016,1,352,8441353,8441353,3530738329962
355,3530738536915,3530738539601,1,353,8441354,8441354,3530738496753
356,3530738705145,3530738707416,1,354,8441355,8441355,3530738663538
357,3530738873756,3530738875844,1,355,8441356,8441356,3530738830333
358,3530739039538,3530739041231,1,356,8441357,8441357,3530738997124
359,3530739221224,3530739223506,1,357,8441358,8441358,3530739163916
360,3530739369373,3530739371417,1,358,8441359,8441359,3530739330708
361,3530739535572,3530739537227,1,359,8441360,8441360,3530739497493
362,3530739709229,3530739711774,1,360,8441361,8441361,3530739664289
363,3530739873915,3530739875614,1,361,8441362,8441362,3530739831073
364,3530740048300,3530740050119,1,362,8441363,8441363,3530739997858
365,3530740210822,3530740212654,1,363,8441364,8441364,3530740164643
366,3530740373438,3530740375681,1,364,8441365,8441365,3530740331437
367,3530740540231,3530740542166,1,365,8441366,8441366,3530740498217
368,3530740710002,3530740712072,1,366,8441367,8441367,3530740665000
369,3530740872585,3530740876106,1,367,8441368,8441368,3530740831785
370,3530741064323,3530741070994,1,368,8441369,8441369,3530740998569
371,3530741224676,3530741228093,1,369,8441370,8441370,3530741165353
372,3530741397529,3530741400676,1,370,8441371,8441371,3530741332138
373,3530741548937,3530741551596,1,371,8441372,8441372,3530741498922
374,3530741737009,3530741740019,1,372,8441373,8441373,3530741665704
375,3530741894440,3530741897377,1,373,8441374,8441374,3530741832493
376,3530742062312,3530742064843,1,374,8441375,8441375,3530741999278
377,3530742217313,3530742220251,1,375,8441376,8441376,3530742166064
378,3530742394979,3530742397250,1,376,8441377,8441377,3530742332853
379,3530742557734,3530742559939,1,377,8441378,8441378,3530742499641
380,3530742708730,3530742710742,1,378,8441379,8441379,3530742666431
381,3530742874519,3530742876348,1,379,8441380,8441380,3530742833222
382,3530743036895,3530743038580,1,380,8441381,8441381,3530743000007
383,3530743203910,3530743206378,1,381,8441382,8441382,3530743166791
384,3530743375939,3530743378124,1,382,8441383,8441383,3530743333576
385,3530743540303,3530743546022,1,383,8441384,8441384,3530743500360
386,3530743711296,3530743713399,1,384,8441385,8441385,3530743667144
387,3530743878595,3530743881706,1,385,8441386,8441386,3530743833934
388,3530744043700,3530744046015,1,386,8441387,8441387,3530744000718
389,3530744211327,3530744213620,1,387,8441388,8441388,3530744167527
390,3530744389682,3530744392821,1,388,8441389,8441389,3530744334319
391,3530744556399,3530744560086,1,389,8441390,8441390,3530744501106
392,3530744721335,3530744724074,1,390,8441391,8441391,3530744667886
393,3530744870791,3530744872741,1,391,8441392,8441392,3530744834683
394,3530745041919,3530745044674,1,392,8441393,8441393,3530745001479
395,3530745208262,3530745211115,1,393,8441394,8441394,3530745168261
396,3530745368682,3530745371243,1,394,8441395,8441395,3530745335046
397,3530745537297,3530745539539,1,395,8441396,8441396,3530745501831
398,3530745701091,3530745703339,1,396,8441397,8441397,3530745668613
399,3530745867886,3530745871203,1,397,8441398,8441398,3530745835392
400,3530746045358,3530746047859,1,398,8441399,8441399,3530746002176
401,3530746207903,3530746209590,1,399,8441400,8441400,3530746168967
402,3530746392179,3530746394516,1,400,8441401,8441401,3530746335764
403,3530746539392,3530746542197,1,401,8441402,8441402,3530746502548
404,3530746711778,3530746713882,1,402,8441403,8441403,3530746669335
405,3530746878967,3530746881211,1,403,8441404,8441404,3530746836124
406,3530747063416,3530747066636,1,404,8441405,8441405,3530747002911
407,3530747221838,3530747224479,1,405,8441406,8441406,3530747169693
408,3530747394695,3530747397358,1,406,8441407,8441407,3530747336474
409,3530747555284,3530747560476,1,407,8441408,8441408,3530747503255
410,3530747715278,3530747717068,1,408,8441409,8441409,3530747670047
411,3530747877198,3530747879196,1,409,8441410,8441410,3530747836842
412,3530748043981,3530748045641,1,410,8441411,8441411,3530748003634
413,3530748209780,3530748211954,1,411,8441412,8441412,3530748170423
414,3530748374122,3530748378014,1,412,8441413,8441413,3530748337211
415,3530748548064,3530748549760,1,413,8441414,8441414,3530748503993
416,3530748710637,3530748712354,1,414,8441415,8441415,3530748670780
417,3530748874558,3530748876278,1,415,8441416,8441416,3530748837572
418,3530749039140,3530749040735,1,416,8441417,8441417,3530749004360
419,3530749209694,3530749211757,1,417,8441418,8441418,3530749171150
420,3530749377591,3530749379309,1,418,8441419,8441419,3530749337943
421,3530749546149,3530749549199,1,419,8441420,8441420,3530749504726
422,3530749709841,3530749711544,1,420,8441421,8441421,3530749671507
423,3530749876654,3530749878656,1,421,8441422,8441422,3530749838297
424,3530750044154,3530750047645,1,422,8441423,8441423,3530750005079
425,3530750214372,3530750216276,1,423,8441424,8441424,3530750171862
426,3530750372653,3530750374666,1,424,8441425,8441425,3530750338648
427,3530750541306,3530750542960,1,425,8441426,8441426,3530750505437
428,3530750714972,3530750717686,1,426,8441427,8441427,3530750672221
429,3530750887490,3530750890276,1,427,8441428,8441428,3530750839003
430,3530751052108,3530751054324,1,428,8441429,8441429,3530751005784
431,3530751216415,3530751218172,1,429,8441430,8441430,3530751172566
432,3530751379650,3530751381796,1,430,8441431,8441431,3530751339356
433,3530751545997,3530751548649,1,431,8441432,8441432,3530751506138
434,3530751716634,3530751718970,1,432,8441433,8441433,3530751672925
435,3530751889387,3530751891554,1,433,8441434,8441434,3530751839717
436,3530752058730,3530752061237,1,434,8441435,8441435,3530752006506
437,3530752227661,3530752229751,1,435,8441436,8441436,3530752173289
438,3530752396045,3530752399686,1,436,8441437,8441437,3530752340073
439,3530752565167,3530752569725,1,437,8441438,8441438,3530752506862
440,3530752719437,3530752721524,1,438,8441439,8441439,3530752673646
441,3530752888918,3530752891684,1,439,8441440,8441440,3530752840431
442,3530753051492,3530753053695,1,440,8441441,8441441,3530753007215
443,3530753218065,3530753221613,1,441,8441442,8441442,3530753174000
444,3530753391550,3530753394180,1,442,8441443,8441443,3530753340787
445,3530753554328,3530753556655,1,443,8441444,8441444,3530753507569
446,3530753723122,3530753724941,1,444,8441445,8441445,3530753674360
447,3530753881080,3530753883082,1,445,8441446,8441446,3530753841149
448,3530754052215,3530754053896,1,446,8441447,8441447,3530754007945
449,3530754211386,3530754212894,1,447,8441448,8441448,3530754174739
450,3530754378238,3530754379915,1,448,8441449,8441449,3530754341528
451,3530754543181,3530754545369,1,449,8441450,8441450,3530754508319
452,3530754716242,3530754718039,1,450,8441451,8441451,3530754675112
453,3530754878830,3530754881061,1,451,8441452,8441452,3530754841904
454,3530755060761,3530755062971,1,452,8441453,8441453,3530755008696
455,3530755214929,3530755216942,1,453,8441454,8441454,3530755175490
456,3530755386372,3530755388568,1,454,8441455,8441455,3530755342282
457,3530755549219,3530755551223,1,455,8441456,8441456,3530755509072
458,3530755726192,3530755729091,1,456,8441457,8441457,3530755675859
459,3530755894219,3530755898538,1,457,8441458,8441458,3530755842650
460,3530756058893,3530756061431,1,458,8441459,8441459,3530756009433
461,3530756230271,3530756232415,1,459,8441460,8441460,3530756176223
462,3530756386818,3530756388657,1,460,8441461,8441461,3530756343013
463,3530756552279,3530756555123,1,461,8441462,8441462,3530756509804
464,3530756727466,3530756729513,1,462,8441463,8441463,3530756676586
465,3530756885909,3530756887903,1,463,8441464,8441464,3530756843364
466,3530757066009,3530757069547,1,464,8441465,8441465,3530757010146
467,3530757232570,3530757234799,1,465,8441466,8441466,3530757176928
468,3530757394408,3530757397215,1,466,8441467,8441467,3530757343710
469,3530757573689,3530757576471,1,467,8441468,8441468,3530757510491
470,3530757725625,3530757727936,1,468,8441469,8441469,3530757677271
471,3530757885460,3530757887344,1,469,8441470,8441470,3530757844053
472,3530758048095,3530758050340,1,470,8441471,8441471,3530758010840
473,3530758215975,3530758217659,1,471,8441472,8441472,3530758177631
474,3530758382722,3530758388490,1,472,8441473,8441473,3530758344419
475,3530758555282,3530758556928,1,473,8441474,8441474,3530758511207
476,3530758726917,3530758728589,1,474,8441475,8441475,3530758677995
477,3530758890905,3530758894117,1,475,8441476,8441476,3530758844772
478,3530759053298,3530759056212,1,476,8441477,8441477,3530759011551
479,3530759218951,3530759221564,1,477,8441478,8441478,3530759178338
480,3530759382753,3530759385219,1,478,8441479,8441479,3530759345130
481,3530759546285,3530759548530,1,479,8441480,8441480,3530759511918
482,3530759720349,3530759722023,1,480,8441481,8441481,3530759678707
483,3530759887213,3530759889921,1,481,8441482,8441482,3530759845498
484,3530760048387,3530760050016,1,482,8441483,8441483,3530760012281
485,3530760216169,3530760218105,1,483,8441484,8441484,3530760179060
486,3530760388914,3530760390643,1,484,8441485,8441485,3530760345842
487,3530760549234,3530760550721,1,485,8441486,8441486,3530760512628
488,3530760720704,3530760722295,1,486,8441487,8441487,3530760679422
489,3530760888565,3530760890818,1,487,8441488,8441488,3530760846213
490,3530761049807,3530761051541,1,488,8441489,8441489,3530761012990
491,3530761222242,3530761224394,1,489,8441490,8441490,3530761179772
492,3530761385562,3530761390393,1,490,8441491,8441491,3530761346559
493,3530761551757,3530761553445,1,491,8441492,8441492,3530761513345
494,3530761722350,3530761724303,1,492,8441493,8441493,3530761680137
495,3530761888513,3530761891450,1,493,8441494,8441494,3530761846927
496,3530762070077,3530762072328,1,494,8441495,8441495,3530762013715
497,3530762229185,3530762231631,1,495,8441496,8441496,3530762180506
498,3530762391276,3530762395941,1,496,8441497,8441497,3530762347285
499,3530762569231,3530762571504,1,497,8441498,8441498,3530762514066
500,3530762721722,3530762723752,1,498,8441499,8441499,3530762680846
501,3530762888056,3530762890232,1,499,8441500,8441500,3530762847640
502,3530763054903,3530763056526,1,500,8441501,8441501,3530763014428
503,3530763224682,3530763226699,1,501,8441502,8441502,3530763181209
504,3530763390054,3530763391976,1,502,8441503,8441503,3530763347991
505,3530763575557,3530763578465,1,503,8441504,8441504,3530763514770
506,3530763748133,3530763750559,1,504,8441505,8441505,3530763681549
507,3530763928036,3530763931416,1,505,8441506,8441506,3530763848331
508,3530764071944,3530764074712,1,506,8441507,8441507,3530764015108
509,3530764227499,3530764230349,1,507,8441508,8441508,3530764181888
510,3530764400119,3530764402504,1,508,8441509,8441509,3530764348694
511,3530764565479,3530764567744,1,509,8441510,8441510,3530764515481
512,3530764727772,3530764730712,1,510,8441511,8441511,3530764682272
513,3530764905312,3530764908073,1,511,8441512,8441512,3530764849064
514,3530765070594,3530765072548,1,512,8441513,8441513,3530765015854
515,3530765252002,3530765254580,1,513,8441514,8441514,3530765182637
516,3530765391547,3530765393644,1,514,8441515,8441515,3530765349426
517,3530765565637,3530765568082,1,515,8441516,8441516,3530765516211
518,3530765735177,3530765738449,1,516,8441517,8441517,3530765682998
519,3530765898040,3530765902345,1,517,8441518,8441518,3530765849786
520,3530766076309,3530766080371,1,518,8441519,8441519,3530766016575
521,3530766237645,3530766240354,1,519,8441520,8441520,3530766183364
522,3530766395071,3530766397074,1,520,8441521,8441521,3530766350149
523,3530766561071,3530766563312,1,521,8441522,8441522,3530766516938
524,3530766728592,3530766731526,1,522,8441523,8441523,3530766683722
525,3530766890683,3530766892581,1,523,8441524,8441524,3530766850505
526,3530767066089,3530767067947,1,524,8441525,8441525,3530767017289
527,3530767243384,3530767251380,1,525,8441526,8441526,3530767184073
528,3530767409199,3530767412294,1,526,8441527,8441527,3530767350853
529,3530767588092,3530767592687,1,527,8441528,8441528,3530767517632
530,3530767764753,3530767767842,1,528,8441529,8441529,3530767684413
531,3530767924487,3530767927981,1,529,8441530,8441530,3530767851192
532,3530768068090,3530768069986,1,530,8441531,8441531,3530768017969
533,3530768248890,3530768251400,1,531,8441532,8441532,3530768184747
534,3530768400512,3530768405334,1,532,8441533,8441533,3530768351526
535,3530768573420,3530768575606,1,533,8441534,8441534,3530768518309
536,3530768745797,3530768748008,1,534,8441535,8441535,3530768685087
537,3530768901167,3530768904450,1,535,8441536,8441536,3530768851868
538,3530769081593,3530769083456,1,536,8441537,8441537,3530769018646
539,3530769230710,3530769232412,1,537,8441538,8441538,3530769185433
540,3530769400397,3530769402281,1,538,8441539,8441539,3530769352210
541,3530769561366,3530769563094,1,539,8441540,8441540,3530769518992
542,3530769731919,3530769734025,1,540,8441541,8441541,3530769685770
543,3530769901830,3530769904183,1,541,8441542,8441542,3530769852559
544,3530770077562,3530770080314,1,542,8441543,8441543,3530770019342
545,3530770239244,3530770241833,1,543,8441544,8441544,3530770186119
546,3530770400041,3530770403106,1,544,8441545,8441545,3530770352896
547,3530770567429,3530770569860,1,545,8441546,8441546,3530770519673
548,3530770738776,3530770741669,1,546,8441547,8441547,3530770686449
549,3530770901444,3530770905002,1,547,8441548,8441548,3530770853226
550,3530771073159,3530771075822,1,548,8441549,8441549,3530771020003
551,3530771241088,3530771243282,1,549,8441550,8441550,3530771186780
552,3530771399560,3530771402483,1,550,8441551,8441551,3530771353563
553,3530771569795,3530771572545,1,551,8441552,8441552,3530771520339
554,3530771750707,3530771753785,1,552,8441553,8441553,3530771687120
555,3530771940749,3530771944427,1,553,8441554,8441554,3530771853902
556,3530772096960,3530772101975,1,554,8441555,8441555,3530772020680
557,3530772261163,3530772263447,1,555,8441556,8441556,3530772187458
558,3530772408385,3530772411307,1,556,8441557,8441557,3530772354238
559,3530772575004,3530772577923,1,557,8441558,8441558,3530772521014
560,3530772740236,3530772743804,1,558,8441559,8441559,3530772687790
561,3530772905160,3530772910464,1,559,8441560,8441560,3530772854568
562,3530773079036,3530773083127,1,560,8441561,8441561,3530773021356
563,3530773257518,3530773262390,1,561,8441562,8441562,3530773188139
564,3530773439818,3530773442450,1,562,8441563,8441563,3530773354917
565,3530773601550,3530773604317,1,563,8441564,8441564,3530773521697
566,3530773776924,3530773779872,1,564,8441565,8441565,3530773688479
567,3530773944411,3530773948879,1,565,8441566,8441566,3530773855259
568,3530774109244,3530774112239,1,566,8441567,8441567,3530774022037
569,3530774256243,3530774258980,1,567,8441568,8441568,3530774188815
570,3530774404831,3530774406744,1,568,8441569,8441569,3530774355595
571,3530774574525,3530774576916,1,569,8441570,8441570,3530774522379
572,3530774739135,3530774742399,1,570,8441571,8441571,3530774689158
573,3530774902207,3530774904472,1,571,8441572,8441572,3530774855938
574,3530775067923,3530775070409,1,572,8441573,8441573,3530775022720
575,3530775233368,3530775235137,1,573,8441574,8441574,3530775189510
576,3530775398308,3530775400956,1,574,8441575,8441575,3530775356291
577,3530775569853,3530775571763,1,575,8441576,8441576,3530775523074
578,3530775741347,3530775743687,1,576,8441577,8441577,3530775689853
579,3530775905876,3530775908264,1,577,8441578,8441578,3530775856630
580,3530776071637,3530776074369,1,578,8441579,8441579,3530776023409
581,3530776241045,3530776243748,1,579,8441580,8441580,3530776190198
582,3530776412181,3530776414301,1,580,8441581,8441581,3530776356983
583,3530776572148,3530776574492,1,581,8441582,8441582,3530776523778
584,3530776735025,3530776736634,1,582,8441583,8441583,3530776690556
585,3530776893359,3530776895027,1,583,8441584,8441584,3530776857335
586,3530777074964,3530777077952,1,584,8441585,8441585,3530777024111
587,3530777235333,3530777238360,1,585,8441586,8441586,3530777190898
588,3530777396748,3530777399657,1,586,8441587,8441587,3530777357685
589,3530777563258,3530777564775,1,587,8441588,8441588,3530777524472
590,3530777737437,3530777742129,1,588,8441589,8441589,3530777691253
591,3530777896203,3530777898365,1,589,8441590,8441590,3530777858041
592,3530778082036,3530778084527,1,590,8441591,8441591,3530778024820
593,3530778251492,3530778255612,1,591,8441592,8441592,3530778191596
594,3530778407733,3530778409678,1,592,8441593,8441593,3530778358372
595,3530778574850,3530778576834,1,593,8441594,8441594,3530778525150
596,3530778734961,3530778737259,1,594,8441595,8441595,3530778691929
597,3530778896462,3530778898015,1,595,8441596,8441596,3530778858717
598,3530779061894,3530779063337,1,596,8441597,8441597,3530779025504
599,3530779230374,3530779232063,1,597,8441598,8441598,3530779192284
600,3530779395151,3530779396645,1,598,8441599,8441599,3530779359073
601,3530779559184,3530779561180,1,599,8441600,8441600,3530779525863
602,3530779724722,3530779726480,1,600,8441601,8441601,3530779692639
603,3530779891349,3530779893306,1,601,8441602,8441602,3530779859431
604,3530780043301,3530780045367,1,602,8441603,8441603,3530780026226
605,3530780207705,3530780210288,1,603,8441604,8441604,3530780193002
606,3530780376721,3530780378697,1,604,8441605,8441605,3530780359782
607,3530780540135,3530780541879,1,605,8441606,8441606,3530780526568
608,3530780716414,3530780718900,1,606,8441607,8441607,3530780693355
609,3530780896004,3530780898323,1,607,8441608,8441608,3530780860145
610,3530781044575,3530781047678,1,608,8441609,8441609,3530781026931
611,3530781213220,3530781216425,1,609,8441610,8441610,3530781193721
612,3530781378490,3530781382922,1,610,8441611,8441611,3530781360507
613,3530781546164,3530781551193,1,611,8441612,8441612,3530781527294
614,3530781712557,3530781714625,1,612,8441613,8441613,3530781694084
615,3530781877458,3530781879894,1,613,8441614,8441614,3530781860876
616,3530782046093,3530782048079,1,614,8441615,8441615,3530782027669
617,3530782213804,3530782215742,1,615,8441616,8441616,3530782194451
618,3530782385434,3530782388186,1,616,8441617,8441617,3530782361247
619,3530782546052,3530782547970,1,617,8441618,8441618,3530782528036
620,3530782722475,3530782727541,1,618,8441619,8441619,3530782694815
621,3530782881522,3530782883273,1,619,8441620,8441620,3530782861604
622,3530783055473,3530783058293,1,620,8441621,8441621,3530783028385
623,3530783220080,3530783222731,1,621,8441622,8441622,3530783195182
624,3530783381980,3530783383976,1,622,8441623,8441623,3530783361958
625,3530783561757,3530783565367,1,623,8441624,8441624,3530783528734
626,3530783717231,3530783719308,1,624,8441625,8441625,3530783695514
627,3530783881288,3530783883587,1,625,8441626,8441626,3530783862290
628,3530784044042,3530784046354,1,626,8441627,8441627,3530784029067
629,3530784213717,3530784216523,1,627,8441628,8441628,3530784195853
630,3530784384457,3530784387699,1,628,8441629,8441629,3530784362640
631,3530784547969,3530784549600,1,629,8441630,8441630,3530784529424
632,3530784713789,3530784715768,1,630,8441631,8441631,3530784696203
633,3530784880494,3530784883425,1,631,8441632,8441632,3530784862987
634,3530785046475,3530785047962,1,632,8441633,8441633,3530785029773
635,3530785221517,3530785224421,1,633,8441634,8441634,3530785196556
636,3530785382436,3530785384401,1,634,8441635,8441635,3530785363344
637,3530785550428,3530785552721,1,635,8441636,8441636,3530785530125
638,3530785715650,3530785719032,1,636,8441637,8441637,3530785696909
639,3530785881005,3530785884565,1,637,8441638,8441638,3530785863697
640,3530786045558,3530786047544,1,638,8441639,8441639,3530786030484
641,3530786212901,3530786214599,1,639,8441640,8441640,3530786197270
