"Application","ProcessID","SwapChainAddress","PresentRuntime","SyncInterval","PresentFlags","AllowsTearing","PresentMode","TimeInQPC","MsBetweenSimulationStart","MsBetweenPresents","MsBetweenDisplayChange","MsInPresentAPI","MsRenderPresentLatency","MsUntilDisplayed","CPUStartQPC","MsBetweenAppStart","MsCPUBusy","MsCPUWait","MsGPULatency","MsGPUTime","MsGPUBusy","MsGPUWait","MsAnimationError","AnimationTime","MsFlipDelay","MsAllInputToPhotonLatency","MsClickToPhotonLatency"
"gpui_flutter_comparison.exe","29748","0x19EDF38A9F0","DXGI","0","0","0","Composed: Copy with GPU GDI","3540538865630","NA","32.11120000000000","16.65990000000000","0.49160000000000","2.08700000000000","18.7860","3540538570488","30.0058","29.5142","0.4916","29.9970","1.6042","1.3724","0.2318","NA","2033.6302","NA","937.7362","NA"
"gpui_flutter_comparison.exe","29748","0x19EDF38A9F0","DXGI","0","0","0","Composed: Copy with GPU GDI","3540572343568","NA","3347.79380000000037","3352.29730000000018","0.45920000000000","1.72920000000000","23.2895","3540538870546","3347.7614","3347.3022","0.4592","3347.4275","1.6039","1.6039","0.0000","-3322.2915","2063.6360","NA","NA","NA"
"gpui_flutter_comparison.exe","29748","0x19EDF38A9F0","DXGI","0","0","0","Composed: Copy with GPU GDI","3540572507362","NA","16.37940000000000","16.70600000000000","0.40760000000000","3.01600000000000","23.6161","3540572348160","16.3278","15.9202","0.4076","17.1961","1.7401","1.7401","0.0000","3331.0554","5411.3974","NA","NA","NA"
"gpui_flutter_comparison.exe","29748","0x19EDF38A9F0","DXGI","0","0","0","Composed: Copy with GPU GDI","3540572675379","NA","16.80170000000000","16.67950000000000","0.46510000000000","3.81680000000000","23.4939","3540572511438","16.8592","16.3941","0.4651","18.2093","2.0016","2.0016","0.0000","-0.3517","5427.7252","NA","NA","NA"
"gpui_flutter_comparison.exe","29748","0x19EDF38A9F0","DXGI","0","0","0","Composed: Copy with GPU GDI","3540572828761","NA","15.33820000000000","16.67220000000000","0.51000000000000","2.02630000000000","24.8279","3540572680030","15.3831","14.8731","0.5100","15.0848","1.8146","1.8146","0.0000","0.1870","5444.5844","NA","NA","NA"
"gpui_flutter_comparison.exe","29748","0x19EDF38A9F0","DXGI","0","0","0","Composed: Copy with GPU GDI","3540572996178","NA","16.74170000000000","16.67540000000000","0.40840000000000","3.60410000000000","24.7616","3540572833861","16.6401","16.2317","0.4084","17.9893","1.8465","1.8465","0.0000","-1.2923","5459.9675","NA","NA","NA"
"gpui_flutter_comparison.exe","29748","0x19EDF38A9F0","DXGI","0","0","0","Composed: Copy with GPU GDI","3540573172868","NA","17.66900000000000","16.66780000000000","0.42830000000000","1.62890000000000","23.7604","3540573000262","17.6889","17.2606","0.4283","17.4032","1.4863","1.4863","0.0000","-0.0277","5476.6076","NA","NA","NA"
"gpui_flutter_comparison.exe","29748","0x19EDF38A9F0","DXGI","0","0","0","Composed: Copy with GPU GDI","3540573343781","NA","17.09130000000000","16.69540000000000","0.65600000000000","2.87550000000000","23.3645","3540573177151","17.3190","16.6630","0.6560","18.0286","1.5099","1.5099","0.0000","0.9935","5494.2965","NA","NA","NA"
"gpui_flutter_comparison.exe","29748","0x19EDF38A9F0","DXGI","0","0","0","Composed: Copy with GPU GDI","3540573520491","NA","17.67100000000000","16.73020000000000","1.42900000000000","3.28600000000000","22.4237","3540573350341","18.4440","17.0150","1.4290","18.7407","1.5603","1.5603","0.0000","0.5888","5511.6155","NA","NA","NA"
"gpui_flutter_comparison.exe","29748","0x19EDF38A9F0","DXGI","0","0","0","Composed: Copy with GPU GDI","3540573672993","NA","15.25020000000000","16.61260000000000","0.73800000000000","3.55520000000000","23.7861","3540573534781","14.5592","13.8212","0.7380","15.9403","1.4361","1.4361","0.0000","1.8314","5530.0595","NA","NA","NA"
"gpui_flutter_comparison.exe","29748","0x19EDF38A9F0","DXGI","0","0","0","Composed: Copy with GPU GDI","3540573842163","NA","16.91700000000000","16.69430000000000","0.53740000000000","2.23830000000000","23.5634","3540573680373","16.7164","16.1790","0.5374","16.9217","1.4956","1.4956","0.0000","-2.1351","5544.6187","NA","NA","NA"
"gpui_flutter_comparison.exe","29748","0x19EDF38A9F0","DXGI","0","0","0","Composed: Copy with GPU GDI","3540574021828","NA","17.96650000000000","16.66180000000000","0.52910000000000","3.73110000000000","22.2587","3540573847537","17.9582","17.4291","0.5291","19.6905","1.4697","1.4697","0.0000","0.0546","5561.3351","NA","NA","NA"
"gpui_flutter_comparison.exe","29748","0x19EDF38A9F0","DXGI","0","0","0","Composed: Copy with GPU GDI","3540574191844","NA","17.00160000000000","16.69500000000000","0.65260000000000","2.19520000000000","21.9521","3540574027119","17.1251","16.4725","0.6526","17.1179","1.5498","1.5498","0.0000","1.2632","5579.2933","NA","NA","NA"
"gpui_flutter_comparison.exe","29748","0x19EDF38A9F0","DXGI","0","0","0","Composed: Copy with GPU GDI","3540574339761","NA","14.79170000000000","16.66550000000000","0.43580000000000","1.57330000000000","23.8259","3540574198370","14.5749","14.1391","0.4358","14.2737","1.4387","1.4387","0.0000","0.4596","5596.4184","NA","NA","NA"
"gpui_flutter_comparison.exe","29748","0x19EDF38A9F0","DXGI","0","0","0","Composed: Copy with GPU GDI","3540579517957","NA","517.81960000000004","517.03200000000004","0.44520000000000","1.39050000000000","23.0383","3540574344119","517.8290","517.3838","0.4452","517.5898","1.1845","1.1845","0.0000","-502.4571","5610.9933","NA","NA","NA"
"gpui_flutter_comparison.exe","29748","0x19EDF38A9F0","DXGI","0","0","0","Composed: Copy with GPU GDI","3540581345575","NA","182.76180000000002","183.49220000000000","0.45980000000000","1.38320000000000","23.7687","3540579522409","182.7764","182.3166","0.4598","182.4768","1.2230","1.2230","0.0000","334.3368","6128.8223","NA","NA","NA"
"gpui_flutter_comparison.exe","29748","0x19EDF38A9F0","DXGI","0","0","0","Composed: Copy with GPU GDI","3540583345980","NA","200.04050000000001","200.21400000000000","0.37930000000000","1.36740000000000","23.9422","3540581350173","199.9600","199.5807","0.3793","199.7502","1.1979","1.1979","0.0000","-17.4376","6311.5987","NA","NA","NA"
"gpui_flutter_comparison.exe","29748","0x19EDF38A9F0","DXGI","0","0","0","Composed: Copy with GPU GDI","3540585350823","NA","200.48430000000002","200.02760000000001","0.39690000000000","1.36280000000000","23.4855","3540583349773","200.5019","200.1050","0.3969","200.2494","1.2184","1.2184","0.0000","-0.0676","6511.5587","NA","NA","NA"
"gpui_flutter_comparison.exe","29748","0x19EDF38A9F0","DXGI","0","0","0","Composed: Copy with GPU GDI","3540587478766","NA","212.79430000000002","216.84930000000000","0.57320000000000","1.88830000000000","27.5405","3540585354792","212.9706","212.3974","0.5732","213.0242","1.2615","1.2615","0.0000","-16.3474","6712.0606","NA","NA","NA"
"gpui_flutter_comparison.exe","29748","0x19EDF38A9F0","DXGI","0","0","0","Composed: Copy with GPU GDI","3540589326144","NA","184.73780000000002","183.44040000000001","0.73610000000000","3.51970000000000","26.2431","3540587484498","184.9007","184.1646","0.7361","186.3668","1.3175","1.3175","0.0000","29.5302","6925.0312","NA","NA","NA"
"gpui_flutter_comparison.exe","29748","0x19EDF38A9F0","DXGI","0","0","0","Composed: Copy with GPU GDI","3540591487448","NA","216.13040000000001","216.82560000000001","0.60530000000000","1.86350000000000","26.9383","3540589333505","215.9996","215.3943","0.6053","215.9105","1.3473","1.3473","0.0000","-31.9249","7109.9319","NA","NA","NA"
"gpui_flutter_comparison.exe","29748","0x19EDF38A9F0","DXGI","0","0","0","Composed: Copy with GPU GDI","3540593468483","NA","198.10350000000000","200.14820000000000","0.33720000000000","1.88560000000000","28.9830","3540591493501","197.8354","197.4982","0.3372","198.1000","1.2838","1.2838","0.0000","15.8514","7325.9315","NA","NA","NA"
"gpui_flutter_comparison.exe","29748","0x19EDF38A9F0","DXGI","0","0","0","Composed: Copy with GPU GDI","3540595522138","NA","205.36550000000000","200.13830000000002","0.36740000000000","2.81880000000000","23.7558","3540593471855","205.3957","205.0283","0.3674","206.6064","1.2407","1.2407","0.0000","-2.3029","7523.7669","NA","NA","NA"
"gpui_flutter_comparison.exe","29748","0x19EDF38A9F0","DXGI","0","0","0","Composed: Copy with GPU GDI","3540597361715","NA","183.95770000000002","183.45630000000000","0.93560000000000","1.72880000000000","23.2544","3540595525812","184.5259","183.5903","0.9356","183.7020","1.6171","1.6171","0.0000","21.9394","7729.1626","NA","NA","NA"
"gpui_flutter_comparison.exe","29748","0x19EDF38A9F0","DXGI","0","0","0","Composed: Copy with GPU GDI","3540599366177","NA","200.44620000000000","200.13190000000000","0.44060000000000","2.11710000000000","22.9401","3540597371071","199.9512","199.5106","0.4406","199.9066","1.7211","1.7211","0.0000","-15.6060","7913.6885","NA","NA","NA"
"gpui_flutter_comparison.exe","29748","0x19EDF38A9F0","DXGI","0","0","0","Composed: Copy with GPU GDI","3540601530256","NA","216.40790000000001","216.83520000000001","0.44830000000000","1.48200000000000","23.3674","3540599370583","216.4156","215.9673","0.4483","216.0934","1.3559","1.3559","0.0000","-16.8840","8113.6397","NA","NA","NA"
"gpui_flutter_comparison.exe","29748","0x19EDF38A9F0","DXGI","0","0","0","Composed: Copy with GPU GDI","3540603360831","NA","183.05750000000000","183.43100000000001","0.42590000000000","1.58800000000000","23.7409","3540601534739","183.0351","182.6092","0.4259","182.7573","1.4399","1.4399","0.0000","32.9846","8330.0553","NA","NA","NA"
"gpui_flutter_comparison.exe","29748","0x19EDF38A9F0","DXGI","0","0","0","Composed: Copy with GPU GDI","3540605367645","NA","200.68140000000000","200.21750000000000","0.53240000000000","1.65420000000000","23.2770","3540603365090","200.7879","200.2555","0.5324","200.4391","1.4706","1.4706","0.0000","-17.1824","8513.0904","NA","NA","NA"
"gpui_flutter_comparison.exe","29748","0x19EDF38A9F0","DXGI","0","0","0","Composed: Copy with GPU GDI","3540607387539","NA","201.98940000000002","200.08260000000001","0.61610000000000","1.71230000000000","21.3702","3540605372969","202.0731","201.4570","0.6161","201.6312","1.5381","1.5381","0.0000","0.7053","8713.8783","NA","NA","NA"
"gpui_flutter_comparison.exe","29748","0x19EDF38A9F0","DXGI","0","0","0","Composed: Copy with GPU GDI","3540609369359","NA","198.18200000000002","200.15300000000002","0.46240000000000","1.44600000000000","23.3412","3540607393700","198.0283","197.5659","0.4624","197.7108","1.3011","1.3011","0.0000","1.9201","8915.9514","NA","NA","NA"
"gpui_flutter_comparison.exe","29748","0x19EDF38A9F0","DXGI","0","0","0","Composed: Copy with GPU GDI","3540611374395","NA","200.50360000000001","200.13340000000002","0.44720000000000","1.46930000000000","22.9710","3540609373983","200.4884","200.0412","0.4472","200.1615","1.3490","1.3490","0.0000","-2.1051","9113.9797","NA","NA","NA"
"gpui_flutter_comparison.exe","29748","0x19EDF38A9F0","DXGI","0","0","0","Composed: Copy with GPU GDI","3540613332771","NA","195.83760000000001","200.13770000000002","0.36450000000000","1.34090000000000","27.2711","3540611378867","195.7549","195.3904","0.3645","195.5137","1.2176","1.2176","0.0000","0.3507","9314.4681","NA","NA","NA"
"gpui_flutter_comparison.exe","29748","0x19EDF38A9F0","DXGI","0","0","0","Composed: Copy with GPU GDI","3540615327092","NA","199.43210000000002","200.14250000000001","0.51130000000000","1.51030000000000","27.9815","3540613336416","199.5789","199.0676","0.5113","199.2845","1.2934","1.2934","0.0000","-4.3876","9510.2230","NA","NA","NA"
"gpui_flutter_comparison.exe","29748","0x19EDF38A9F0","DXGI","0","0","0","Composed: Copy with GPU GDI","3540617511430","NA","218.43380000000002","216.81190000000001","0.54320000000000","1.99510000000000","26.3596","3540615332205","218.4657","217.9225","0.5432","218.5553","1.3623","1.3623","0.0000","-17.2330","9709.8019","NA","NA","NA"
"gpui_flutter_comparison.exe","29748","0x19EDF38A9F0","DXGI","0","0","0","Composed: Copy with GPU GDI","3540619332387","NA","182.09570000000002","183.47470000000001","0.50280000000000","1.62580000000000","27.7386","3540617516862","182.0553","181.5525","0.5028","181.7493","1.4290","1.4290","0.0000","34.9910","9928.2676","NA","NA","NA"
"gpui_flutter_comparison.exe","29748","0x19EDF38A9F0","DXGI","0","0","0","Composed: Copy with GPU GDI","3540621338414","NA","200.60270000000000","200.11700000000002","0.42390000000000","1.50600000000000","27.2529","3540619337415","200.5238","200.0999","0.4239","200.2476","1.3583","1.3583","0.0000","-18.0617","10110.3229","NA","NA","NA"
"gpui_flutter_comparison.exe","29748","0x19EDF38A9F0","DXGI","0","0","0","Composed: Copy with GPU GDI","3540623380209","NA","204.17950000000002","200.19700000000000","0.42870000000000","1.54570000000000","23.2704","3540621342653","204.1843","203.7556","0.4287","203.8949","1.4064","1.4064","0.0000","0.3268","10310.8467","NA","NA","NA"
"gpui_flutter_comparison.exe","29748","0x19EDF38A9F0","DXGI","0","0","0","Composed: Copy with GPU GDI","3540625401379","NA","202.11700000000002","200.18440000000001","0.45690000000000","2.98470000000000","21.3378","3540623384496","202.1452","201.6883","0.4569","203.1540","1.5190","1.5190","0.0000","3.9999","10515.0310","NA","NA","NA"
"gpui_flutter_comparison.exe","29748","0x19EDF38A9F0","DXGI","0","0","0","Composed: Copy with GPU GDI","3540627421975","NA","202.05960000000002","216.82860000000002","0.38460000000000","4.82110000000000","36.1068","3540625405948","201.9873","201.6027","0.3846","201.7165","4.7073","1.7004","3.0069","-14.6834","10717.1762","NA","NA","NA"
"gpui_flutter_comparison.exe","29748","0x19EDF38A9F0","DXGI","0","0","0","Composed: Copy with GPU GDI","3540629438487","NA","201.65120000000002","200.10000000000002","0.51810000000000","1.67680000000000","34.5556","3540627425821","201.7847","201.2666","0.5181","201.4289","1.5145","1.5145","0.0000","1.8873","10919.1635","NA","NA","NA"
"gpui_flutter_comparison.exe","29748","0x19EDF38A9F0","DXGI","0","0","0","Composed: Copy with GPU GDI","3540631430789","NA","199.23020000000000","183.41980000000001","0.37620000000000","1.66150000000000","18.7452","3540629443668","199.0883","198.7121","0.3762","198.8368","1.5368","1.5368","0.0000","18.3649","11120.9482","NA","NA","NA"
"gpui_flutter_comparison.exe","29748","0x19EDF38A9F0","DXGI","0","0","0","Composed: Copy with GPU GDI","3540633433423","NA","200.26340000000002","200.13350000000000","0.38210000000000","1.62610000000000","18.6153","3540631434551","200.2693","199.8872","0.3821","200.0292","1.4841","1.4841","0.0000","-1.0452","11320.0365","NA","NA","NA"
"gpui_flutter_comparison.exe","29748","0x19EDF38A9F0","DXGI","0","0","0","Composed: Copy with GPU GDI","3540635454585","NA","202.11620000000002","216.88430000000002","0.43810000000000","2.50870000000000","33.3834","3540633437244","202.1722","201.7341","0.4381","202.5745","1.6683","1.6683","0.0000","-16.6150","11520.3058","NA","NA","NA"
"gpui_flutter_comparison.exe","29748","0x19EDF38A9F0","DXGI","0","0","0","Composed: Copy with GPU GDI","3540637437498","NA","198.29130000000001","183.48970000000000","0.44430000000000","1.47680000000000","18.5818","3540635458966","198.2975","197.8532","0.4443","197.9873","1.3427","1.3427","0.0000","18.6825","11722.4780","NA","NA","NA"
"gpui_flutter_comparison.exe","29748","0x19EDF38A9F0","DXGI","0","0","0","Composed: Copy with GPU GDI","3540639482343","NA","204.48450000000000","216.73040000000000","0.38470000000000","1.84450000000000","30.8277","3540637441941","204.4249","204.0402","0.3847","204.3774","1.5073","1.5073","0.0000","-18.4329","11920.7755","NA","NA","NA"
"gpui_flutter_comparison.exe","29748","0x19EDF38A9F0","DXGI","0","0","0","Composed: Copy with GPU GDI","3540641321899","NA","183.95560000000000","183.52430000000001","0.55870000000000","3.06440000000000","30.3964","3540639486190","184.1296","183.5709","0.5587","185.4195","1.2158","1.2158","0.0000","20.9006","12125.2004","NA","NA","NA"
"gpui_flutter_comparison.exe","29748","0x19EDF38A9F0","DXGI","0","0","0","Composed: Copy with GPU GDI","3540643320190","NA","199.82910000000001","200.11770000000001","0.37160000000000","1.55390000000000","30.6850","3540641327486","199.6420","199.2704","0.3716","199.5519","1.2724","1.2724","0.0000","-15.9881","12309.3300","NA","NA","NA"
"gpui_flutter_comparison.exe","29748","0x19EDF38A9F0","DXGI","0","0","0","Composed: Copy with GPU GDI","3540645330931","NA","201.07410000000002","200.12820000000002","0.46730000000000","2.62730000000000","29.7391","3540643323906","201.1698","200.7025","0.4673","201.9811","1.3487","1.3487","0.0000","-0.4862","12508.9720","NA","NA","NA"
"gpui_flutter_comparison.exe","29748","0x19EDF38A9F0","DXGI","0","0","0","Composed: Copy with GPU GDI","3540647329370","NA","199.84390000000002","200.18000000000001","0.60270000000000","3.50630000000000","30.0752","3540645335604","199.9793","199.3766","0.6027","201.5238","1.3591","1.3591","0.0000","0.9898","12710.1418","NA","NA","NA"
"gpui_flutter_comparison.exe","29748","0x19EDF38A9F0","DXGI","0","0","0","Composed: Copy with GPU GDI","3540649445420","NA","211.60500000000002","216.75010000000000","0.33070000000000","3.71420000000000","35.2203","3540647335397","211.3330","211.0023","0.3307","213.2875","1.4290","1.4290","0.0000","-16.7708","12910.1211","NA","NA","NA"
"gpui_flutter_comparison.exe","29748","0x19EDF38A9F0","DXGI","0","0","0","Composed: Copy with GPU GDI","3540651453303","NA","200.78830000000002","200.19120000000001","0.40250000000000","2.38360000000000","34.6232","3540649448727","200.8601","200.4576","0.4025","201.3663","1.4749","1.4749","0.0000","11.1418","13121.4541","NA","NA","NA"
"gpui_flutter_comparison.exe","29748","0x19EDF38A9F0","DXGI","0","0","0","Composed: Copy with GPU GDI","3540653453400","NA","200.00970000000001","183.43320000000000","0.52380000000000","1.62630000000000","18.0467","3540651457328","200.1310","199.6072","0.5238","199.7528","1.4807","1.4807","0.0000","17.4269","13322.3142","NA","NA","NA"
"gpui_flutter_comparison.exe","29748","0x19EDF38A9F0","DXGI","0","0","0","Composed: Copy with GPU GDI","3540655466652","NA","201.32520000000002","216.87100000000001","0.47720000000000","2.18090000000000","33.5925","3540653458638","201.2786","200.8014","0.4772","201.4481","1.5342","1.5342","0.0000","-16.7400","13522.4452","NA","NA","NA"
"gpui_flutter_comparison.exe","29748","0x19EDF38A9F0","DXGI","0","0","0","Composed: Copy with GPU GDI","3540657395865","NA","192.92130000000000","183.37770000000000","0.40140000000000","1.56420000000000","24.0489","3540655471424","192.8455","192.4441","0.4014","192.5779","1.4304","1.4304","0.0000","17.9009","13723.7238","NA","NA","NA"
"gpui_flutter_comparison.exe","29748","0x19EDF38A9F0","DXGI","0","0","0","Composed: Copy with GPU GDI","3540659366938","NA","197.10730000000001","200.21320000000000","0.59240000000000","2.46670000000000","27.1548","3540657399879","197.2983","196.7059","0.5924","197.1718","2.0008","1.7177","0.2831","-7.3677","13916.5693","NA","NA","NA"
"gpui_flutter_comparison.exe","29748","0x19EDF38A9F0","DXGI","0","0","0","Composed: Copy with GPU GDI","3540661353488","NA","198.65500000000000","200.06760000000000","0.69770000000000","2.54360000000000","28.5674","3540659372862","198.7603","198.0626","0.6977","199.0755","1.5307","1.5307","0.0000","-2.7693","14113.8676","NA","NA","NA"
"gpui_flutter_comparison.exe","29748","0x19EDF38A9F0","DXGI","0","0","0","Composed: Copy with GPU GDI","3540663372392","NA","201.89040000000000","200.13900000000001","0.48130000000000","2.09890000000000","26.8160","3540661360465","201.6740","201.1927","0.4813","201.7707","1.5209","1.5209","0.0000","-1.3787","14312.6279","NA","NA","NA"
"gpui_flutter_comparison.exe","29748","0x19EDF38A9F0","DXGI","0","0","0","Composed: Copy with GPU GDI","3540665357295","NA","198.49030000000002","200.16710000000000","0.40180000000000","1.92840000000000","28.4928","3540663377205","198.4108","198.0090","0.4018","198.4254","1.5120","1.5120","0.0000","1.5069","14514.3019","NA","NA","NA"
"gpui_flutter_comparison.exe","29748","0x19EDF38A9F0","DXGI","0","0","0","Composed: Copy with GPU GDI","3540667363661","NA","200.63660000000002","200.18870000000001","0.66850000000000","3.97920000000000","28.0449","3540665361313","200.9033","200.2348","0.6685","202.6153","1.5987","1.5987","0.0000","-1.7779","14712.7127","NA","NA","NA"
"gpui_flutter_comparison.exe","29748","0x19EDF38A9F0","DXGI","0","0","0","Composed: Copy with GPU GDI","3540669359764","NA","199.61030000000002","200.07790000000000","0.99270000000000","2.53630000000000","28.5125","3540667370346","199.9345","198.9418","0.9927","199.8576","1.6205","1.6205","0.0000","0.8254","14913.6160","NA","NA","NA"
"gpui_flutter_comparison.exe","29748","0x19EDF38A9F0","DXGI","0","0","0","Composed: Copy with GPU GDI","3540671380468","NA","202.07040000000001","200.14140000000000","0.45440000000000","1.82100000000000","26.5835","3540669369691","201.5321","201.0777","0.4544","201.2357","1.6630","1.6630","0.0000","-0.2069","15113.5505","NA","NA","NA"
"gpui_flutter_comparison.exe","29748","0x19EDF38A9F0","DXGI","0","0","0","Composed: Copy with GPU GDI","3540673377805","NA","199.73370000000000","200.20240000000001","0.50180000000000","1.73290000000000","27.0522","3540671385012","199.7811","199.2793","0.5018","199.4668","1.5454","1.5454","0.0000","1.3297","15315.0826","NA","NA","NA"
"gpui_flutter_comparison.exe","29748","0x19EDF38A9F0","DXGI","0","0","0","Composed: Copy with GPU GDI","3540675487799","NA","210.99940000000001","216.81220000000002","0.72030000000000","3.96750000000000","32.8650","3540673382823","211.2179","210.4976","0.7203","212.9797","1.4854","1.4854","0.0000","-17.0311","15514.8637","NA","NA","NA"
